"ProductMedia-module__xopx3q__imageLink href","ProductMedia-module__xopx3q__singleImage src","SizePicker-module__WzYwuW__sizePickerAddToBagButton","SizePicker-module__WzYwuW__sizePickerAddToBagButton 2","SizePicker-module__WzYwuW__sizePickerAddToBagButton 3","SizePicker-module__WzYwuW__sizePickerAddToBagButton 4","SizePicker-module__WzYwuW__sizePickerAddToBagButton 5","SizePicker-module__WzYwuW__sizePickerAddToBagButton 6","ProductTitle-module__7eNKla__productTitle","srOnly-module__3MmknW__className 2","SinglePrice-module__y_asRG__center","ProductMedia-module__xopx3q__mediaWrapper href","ProductMedia-module__xopx3q__mediaWrapper src","ProductMedia-module__xopx3q__mediaWrapper src 2","ProductMedia-module__xopx3q__mediaWrapper src 3","ProductMedia-module__xopx3q__mediaWrapper src 4","ProductMedia-module__xopx3q__mediaWrapper href 5","ProductMedia-module__xopx3q__mediaWrapper src 5","ProductMedia-module__xopx3q__mediaWrapper href 6","ProductMedia-module__xopx3q__mediaWrapper src 6","ProductMedia-module__xopx3q__mediaWrapper href 7","ProductMedia-module__xopx3q__mediaWrapper src 7","ProductMedia-module__xopx3q__mediaWrapper src 8","ProductMedia-module__xopx3q__mediaWrapper href 9","ProductMedia-module__xopx3q__mediaWrapper src 9","ProductMedia-module__xopx3q__mediaWrapper href 10","ProductMedia-module__xopx3q__mediaWrapper src 10","srOnly-module__3MmknW__className 3","ColorBullet-module__BR9stq__colorBullet src","ColorBullet-module__BR9stq__colorBullet src 2","ColorBullet-module__BR9stq__colorBullet src 3"
"https://shop.mango.com/in/en/p/men/shirts/linen/regular-fit-cotton-linen-blend-shirt/37081424/10/00","https://media.mango.com/is/image/punto/37081424-10-508?wid=2048&hei=1430&fit=crop","XS","S","M","L","XL","XXL","Regular fit cotton-linen blend shirt","Current price [Rs. 4,999.00 ]","Rs. 4,999.00","","","","","","","","","","","","","","","","","","","",""
"","","38","40","42","44","46","48","Regular-fit jeans in a cotton-linen blend","Current price [Rs. 6,199.00 ]","Rs. 6,199.00","https://shop.mango.com/in/en/p/men/jeans/regular/regular-fit-jeans-in-a-cotton-linen-blend/37063894/05/00","https://media.mango.com/is/image/punto/37063894-05-500?wid=2048&hei=2867&fit=crop","https://media.mango.com/is/image/punto/37063894-05-001?wid=2048&hei=2867&fit=crop","https://media.mango.com/is/image/punto/37063894-05-002?wid=2048&hei=2867&fit=crop","https://media.mango.com/is/image/punto/37063894-05-003?wid=2048&hei=2867&fit=crop","https://shop.mango.com/in/en/p/men/jeans/regular/regular-fit-jeans-in-a-cotton-linen-blend/37063894/05/00","https://media.mango.com/is/image/punto/37063894-05-004?wid=2048&hei=2867&fit=crop","https://shop.mango.com/in/en/p/men/jeans/regular/regular-fit-jeans-in-a-cotton-linen-blend/37063894/05/00","https://media.mango.com/is/image/punto/37063894-05-008?wid=2048&hei=2867&fit=crop","https://shop.mango.com/in/en/p/men/jeans/regular/regular-fit-jeans-in-a-cotton-linen-blend/37063894/05/00","https://media.mango.com/is/image/punto/37063894-05-501?wid=2048&hei=2867&fit=crop","https://media.mango.com/is/image/punto/37063894-05-023?wid=2048&hei=2867&fit=crop","https://shop.mango.com/in/en/p/men/jeans/regular/regular-fit-jeans-in-a-cotton-linen-blend/37063894/05/00","https://media.mango.com/is/image/punto/37063894-05-900?wid=2048&hei=2867&fit=crop","https://shop.mango.com/in/en/p/men/jeans/regular/regular-fit-jeans-in-a-cotton-linen-blend/37063894/05/00","https://media.mango.com/is/image/punto/37063894-05-030?wid=2048&hei=2867&fit=crop","","","",""
"","","XS","S","M","L","XL","XXL","100% cotton checked bowling collar shirt","Current price [Rs. 4,990.00 ]","Rs. 4,990.00","https://shop.mango.com/in/en/p/men/shirts/check/100-cotton-checked-bowling-collar-shirt/37072897/02/00","https://media.mango.com/is/image/punto/37072897-02-500?wid=2048&hei=2867&fit=crop","https://media.mango.com/is/image/punto/37072897-02-001?wid=2048&hei=2867&fit=crop","https://media.mango.com/is/image/punto/37072897-02-002?wid=2048&hei=2867&fit=crop","https://media.mango.com/is/image/punto/37072897-02-003?wid=2048&hei=2867&fit=crop","https://shop.mango.com/in/en/p/men/shirts/check/100-cotton-checked-bowling-collar-shirt/37072897/02/00","https://media.mango.com/is/image/punto/37072897-02-004?wid=2048&hei=2867&fit=crop","https://shop.mango.com/in/en/p/men/shirts/check/100-cotton-checked-bowling-collar-shirt/37072897/02/00","https://media.mango.com/is/image/punto/37072897-02-008?wid=2048&hei=2867&fit=crop","https://shop.mango.com/in/en/p/men/shirts/check/100-cotton-checked-bowling-collar-shirt/37072897/02/00","https://media.mango.com/is/image/punto/37072897-02-023?wid=2048&hei=2867&fit=crop","https://media.mango.com/is/image/punto/37072897-02-900?wid=2048&hei=2867&fit=crop","https://shop.mango.com/in/en/p/men/shirts/check/100-cotton-checked-bowling-collar-shirt/37072897/02/00","https://media.mango.com/is/image/punto/37072897-02-030?wid=2048&hei=2867&fit=crop","","","","","",""
"","","S","M","L","XL","XXL","","Regular fit cotton blend textured shirt","Current price [Rs. 3,699.00 ]","Rs. 3,699.00","https://shop.mango.com/in/en/p/men/shirts/short-sleeve/regular-fit-cotton-blend-textured-shirt/37092897/30/00","https://media.mango.com/is/image/punto/37092897-30-500?wid=2048&hei=2867&fit=crop","https://media.mango.com/is/image/punto/37092897-30-001?wid=2048&hei=2867&fit=crop","https://media.mango.com/is/image/punto/37092897-30-002?wid=2048&hei=2867&fit=crop","https://media.mango.com/is/image/punto/37092897-30-003?wid=2048&hei=2867&fit=crop","https://shop.mango.com/in/en/p/men/shirts/short-sleeve/regular-fit-cotton-blend-textured-shirt/37092897/30/00","https://media.mango.com/is/image/punto/37092897-30-004?wid=2048&hei=2867&fit=crop","https://shop.mango.com/in/en/p/men/shirts/short-sleeve/regular-fit-cotton-blend-textured-shirt/37092897/30/00","https://media.mango.com/is/image/punto/37092897-30-008?wid=2048&hei=2867&fit=crop","https://shop.mango.com/in/en/p/men/shirts/short-sleeve/regular-fit-cotton-blend-textured-shirt/37092897/30/00","https://media.mango.com/is/image/punto/37092897-30-023?wid=2048&hei=2867&fit=crop","https://media.mango.com/is/image/punto/37092897-30-900?wid=2048&hei=2867&fit=crop","https://shop.mango.com/in/en/p/men/shirts/short-sleeve/regular-fit-cotton-blend-textured-shirt/37092897/30/00","https://media.mango.com/is/image/punto/37092897-30-030?wid=2048&hei=2867&fit=crop","","","Colours","https://media.mango.com/is/image/punto/37092897-30-020?wid=40","https://media.mango.com/is/image/punto/37092897-99-020?wid=40",""
"","","One size","","","","","","Braided crossbody bag with long handle","Current price [Rs. 4,999.00 ]","Rs. 4,999.00","https://shop.mango.com/in/en/p/men/backpacks-and-bags/bags/braided-crossbody-bag-with-long-handle/37041356/30/00","https://media.mango.com/is/image/punto/37041356-30-505?wid=2048&hei=2867&fit=crop","https://media.mango.com/is/image/punto/37041356-30-052?wid=2048&hei=2867&fit=crop","https://media.mango.com/is/image/punto/37041356-30-053?wid=2048&hei=2867&fit=crop","https://media.mango.com/is/image/punto/37041356-30-054?wid=2048&hei=2867&fit=crop","https://shop.mango.com/in/en/p/men/backpacks-and-bags/bags/braided-crossbody-bag-with-long-handle/37041356/30/00","https://media.mango.com/is/image/punto/37041356-30-900?wid=2048&hei=2867&fit=crop","","","","","","","","","","","","",""
"https://shop.mango.com/in/en/p/men/blazers/casual/slim-fit-cotton-lyocell-blend-blazer/37082891/30/00","https://media.mango.com/is/image/punto/37082891-30-508?wid=2048&hei=1430&fit=crop","46","48","50","52","54","56","Slim fit cotton lyocell blend blazer","Current price [Rs. 11,999.00 ]","Rs. 11,999.00","","","","","","","","","","","","","","","","","","","",""
"","","S","M","L","XL","XXL","","Textured cotton blend polo","Current price [Rs. 3,999.00 ]","Rs. 3,999.00","https://shop.mango.com/in/en/p/men/polos/knitwear/textured-cotton-blend-polo/37042898/30/00","https://media.mango.com/is/image/punto/37042898-30-500?wid=2048&hei=2867&fit=crop","https://media.mango.com/is/image/punto/37042898-30-001?wid=2048&hei=2867&fit=crop","https://media.mango.com/is/image/punto/37042898-30-002?wid=2048&hei=2867&fit=crop","https://media.mango.com/is/image/punto/37042898-30-003?wid=2048&hei=2867&fit=crop","https://shop.mango.com/in/en/p/men/polos/knitwear/textured-cotton-blend-polo/37042898/30/00","https://media.mango.com/is/image/punto/37042898-30-004?wid=2048&hei=2867&fit=crop","https://shop.mango.com/in/en/p/men/polos/knitwear/textured-cotton-blend-polo/37042898/30/00","https://media.mango.com/is/image/punto/37042898-30-008?wid=2048&hei=2867&fit=crop","https://shop.mango.com/in/en/p/men/polos/knitwear/textured-cotton-blend-polo/37042898/30/00","https://media.mango.com/is/image/punto/37042898-30-023?wid=2048&hei=2867&fit=crop","https://media.mango.com/is/image/punto/37042898-30-900?wid=2048&hei=2867&fit=crop","https://shop.mango.com/in/en/p/men/polos/knitwear/textured-cotton-blend-polo/37042898/30/00","https://media.mango.com/is/image/punto/37042898-30-030?wid=2048&hei=2867&fit=crop","","","Colours","https://media.mango.com/is/image/punto/37042898-30-020?wid=40","https://media.mango.com/is/image/punto/37042898-01-020?wid=40","https://media.mango.com/is/image/punto/37042898-08-020?wid=40"
"","","38","40","42","44","46","48","Slim fit cotton lyocell suit trousers","Current price [Rs. 6,499.00 ]","Rs. 6,499.00","https://shop.mango.com/in/en/p/men/trousers/slim-fit/slim-fit-cotton-lyocell-suit-trousers/37022893/30/00","https://media.mango.com/is/image/punto/37022893-30-500?wid=2048&hei=2867&fit=crop","https://media.mango.com/is/image/punto/37022893-30-001?wid=2048&hei=2867&fit=crop","https://media.mango.com/is/image/punto/37022893-30-002?wid=2048&hei=2867&fit=crop","https://media.mango.com/is/image/punto/37022893-30-003?wid=2048&hei=2867&fit=crop","https://shop.mango.com/in/en/p/men/trousers/slim-fit/slim-fit-cotton-lyocell-suit-trousers/37022893/30/00","https://media.mango.com/is/image/punto/37022893-30-004?wid=2048&hei=2867&fit=crop","https://shop.mango.com/in/en/p/men/trousers/slim-fit/slim-fit-cotton-lyocell-suit-trousers/37022893/30/00","https://media.mango.com/is/image/punto/37022893-30-008?wid=2048&hei=2867&fit=crop","https://shop.mango.com/in/en/p/men/trousers/slim-fit/slim-fit-cotton-lyocell-suit-trousers/37022893/30/00","https://media.mango.com/is/image/punto/37022893-30-007?wid=2048&hei=2867&fit=crop","https://media.mango.com/is/image/punto/37022893-30-023?wid=2048&hei=2867&fit=crop","https://shop.mango.com/in/en/p/men/trousers/slim-fit/slim-fit-cotton-lyocell-suit-trousers/37022893/30/00","https://media.mango.com/is/image/punto/37022893-30-900?wid=2048&hei=2867&fit=crop","https://shop.mango.com/in/en/p/men/trousers/slim-fit/slim-fit-cotton-lyocell-suit-trousers/37022893/30/00","https://media.mango.com/is/image/punto/37022893-30-030?wid=2048&hei=2867&fit=crop","","","",""
"https://shop.mango.com/in/en/p/men/shirts/printed/printed-relaxed-fit-shirt/37062907/10/00","https://media.mango.com/is/image/punto/37062907-10-508?wid=2048&hei=1430&fit=crop","XS","S","M","L","XL","XXL","Printed relaxed fit shirt","Current price [Rs. 4,499.00 ]","Rs. 4,499.00","","","","","","","","","","","","","","","","","","","",""
"","","38","40","42","44","46","48","Relaxed fit cotton-linen blend trousers","Current price [Rs. 5,299.00 ]","Rs. 5,299.00","https://shop.mango.com/in/en/p/men/trousers/linen/relaxed-fit-cotton-linen-blend-trousers/37042889/02/00","https://media.mango.com/is/image/punto/37042889-02-500?wid=2048&hei=2867&fit=crop","https://media.mango.com/is/image/punto/37042889-02-001?wid=2048&hei=2867&fit=crop","https://media.mango.com/is/image/punto/37042889-02-002?wid=2048&hei=2867&fit=crop","https://media.mango.com/is/image/punto/37042889-02-003?wid=2048&hei=2867&fit=crop","https://shop.mango.com/in/en/p/men/trousers/linen/relaxed-fit-cotton-linen-blend-trousers/37042889/02/00","https://media.mango.com/is/image/punto/37042889-02-004?wid=2048&hei=2867&fit=crop","https://shop.mango.com/in/en/p/men/trousers/linen/relaxed-fit-cotton-linen-blend-trousers/37042889/02/00","https://media.mango.com/is/image/punto/37042889-02-008?wid=2048&hei=2867&fit=crop","https://shop.mango.com/in/en/p/men/trousers/linen/relaxed-fit-cotton-linen-blend-trousers/37042889/02/00","https://media.mango.com/is/image/punto/37042889-02-023?wid=2048&hei=2867&fit=crop","https://media.mango.com/is/image/punto/37042889-02-900?wid=2048&hei=2867&fit=crop","https://shop.mango.com/in/en/p/men/trousers/linen/relaxed-fit-cotton-linen-blend-trousers/37042889/02/00","https://media.mango.com/is/image/punto/37042889-02-030?wid=2048&hei=2867&fit=crop","","","Colours","https://media.mango.com/is/image/punto/37042889-02-020?wid=40","https://media.mango.com/is/image/punto/37042889-56-020?wid=40","https://media.mango.com/is/image/punto/37042889-08-020?wid=40"
"","","XS","S","M","L","XL","XXL","Lyocell blend striped shirt","Current price [Rs. 4,999.00 ]","Rs. 4,999.00","https://shop.mango.com/in/en/p/men/shirts/regular-fit/lyocell-blend-striped-shirt/37031436/35/00","https://media.mango.com/is/image/punto/37031436-35-500?wid=2048&hei=2867&fit=crop","https://media.mango.com/is/image/punto/37031436-35-001?wid=2048&hei=2867&fit=crop","https://media.mango.com/is/image/punto/37031436-35-002?wid=2048&hei=2867&fit=crop","https://media.mango.com/is/image/punto/37031436-35-003?wid=2048&hei=2867&fit=crop","https://shop.mango.com/in/en/p/men/shirts/regular-fit/lyocell-blend-striped-shirt/37031436/35/00","https://media.mango.com/is/image/punto/37031436-35-004?wid=2048&hei=2867&fit=crop","https://shop.mango.com/in/en/p/men/shirts/regular-fit/lyocell-blend-striped-shirt/37031436/35/00","https://media.mango.com/is/image/punto/37031436-35-008?wid=2048&hei=2867&fit=crop","https://shop.mango.com/in/en/p/men/shirts/regular-fit/lyocell-blend-striped-shirt/37031436/35/00","https://media.mango.com/is/image/punto/37031436-35-023?wid=2048&hei=2867&fit=crop","https://media.mango.com/is/image/punto/37031436-35-900?wid=2048&hei=2867&fit=crop","https://shop.mango.com/in/en/p/men/shirts/regular-fit/lyocell-blend-striped-shirt/37031436/35/00","https://media.mango.com/is/image/punto/37031436-35-030?wid=2048&hei=2867&fit=crop","","","","","",""
"https://shop.mango.com/in/en/p/men/shorts/linen-blend-bermuda-shorts/relaxed-fit-cotton-linen-blend-bermuda-shorts/37032891/02/00","https://media.mango.com/is/image/punto/37032891-02-508?wid=2048&hei=1430&fit=crop","38","40","42","44","46","48","Relaxed fit cotton-linen blend Bermuda shorts","Current price [Rs. 4,999.00 ]","Rs. 4,999.00","","","","","","","","","","","","","","","","","","","",""
"https://shop.mango.com/in/en/p/men/shirts/linen/regular-fit-100-linen-shirt/37071421/01/00","https://media.mango.com/is/image/punto/37071421-01-508?wid=2048&hei=1430&fit=crop","XS","S","M","L","XL","XXL","Regular-fit 100% linen shirt","Current price [Rs. 4,499.00 ]","Rs. 4,499.00","","","","","","","","","","","","","","","","","","","",""
"https://shop.mango.com/in/en/p/men/shirts/linen/linen-cotton-blend-stripe-shirt/37082889/01/00","https://media.mango.com/is/image/punto/37082889-01-508?wid=2048&hei=1430&fit=crop","XS","S","M","L","XL","XXL","Linen-cotton blend stripe shirt","Current price [Rs. 5,299.00 ]","Rs. 5,299.00","","","","","","","","","","","","","","","","","","","",""
"","","46","48","50","52","54","56","Amalfi 100% linen slim-fit suit jacket","Current price [Rs. 15,999.00 ]","Rs. 15,999.00","https://shop.mango.com/in/en/p/men/blazers/suit/amalfi-100-linen-slim-fit-suit-jacket/37081389/05/00","https://media.mango.com/is/image/punto/37081389-05-011?wid=2048&hei=2867&fit=crop","https://media.mango.com/is/image/punto/37081389-05-001?wid=2048&hei=2867&fit=crop","https://media.mango.com/is/image/punto/37081389-05-002?wid=2048&hei=2867&fit=crop","https://media.mango.com/is/image/punto/37081389-05-003?wid=2048&hei=2867&fit=crop","https://shop.mango.com/in/en/p/men/blazers/suit/amalfi-100-linen-slim-fit-suit-jacket/37081389/05/00","https://media.mango.com/is/image/punto/37081389-05-004?wid=2048&hei=2867&fit=crop","https://shop.mango.com/in/en/p/men/blazers/suit/amalfi-100-linen-slim-fit-suit-jacket/37081389/05/00","https://media.mango.com/is/image/punto/37081389-05-008?wid=2048&hei=2867&fit=crop","https://shop.mango.com/in/en/p/men/blazers/suit/amalfi-100-linen-slim-fit-suit-jacket/37081389/05/00","https://media.mango.com/is/image/punto/37081389-05-500?wid=2048&hei=2867&fit=crop","https://media.mango.com/is/image/punto/37081389-05-501?wid=2048&hei=2867&fit=crop","https://shop.mango.com/in/en/p/men/blazers/suit/amalfi-100-linen-slim-fit-suit-jacket/37081389/05/00","https://media.mango.com/is/image/punto/37081389-05-010?wid=2048&hei=2867&fit=crop","https://shop.mango.com/in/en/p/men/blazers/suit/amalfi-100-linen-slim-fit-suit-jacket/37081389/05/00","https://media.mango.com/is/image/punto/37081389-05-023?wid=2048&hei=2867&fit=crop","","","",""
"","","38","40","42","44","46","48","Amalfi 100% linen slim-fit suit trousers","Current price [Rs. 7,490.00 ]","Rs. 7,490.00","https://shop.mango.com/in/en/p/men/trousers/linen/amalfi-100-linen-slim-fit-suit-trousers/37091389/05/00","https://media.mango.com/is/image/punto/37091389-05-011?wid=2048&hei=2867&fit=crop","https://media.mango.com/is/image/punto/37091389-05-001?wid=2048&hei=2867&fit=crop","https://media.mango.com/is/image/punto/37091389-05-002?wid=2048&hei=2867&fit=crop","https://media.mango.com/is/image/punto/37091389-05-003?wid=2048&hei=2867&fit=crop","https://shop.mango.com/in/en/p/men/trousers/linen/amalfi-100-linen-slim-fit-suit-trousers/37091389/05/00","https://media.mango.com/is/image/punto/37091389-05-004?wid=2048&hei=2867&fit=crop","https://shop.mango.com/in/en/p/men/trousers/linen/amalfi-100-linen-slim-fit-suit-trousers/37091389/05/00","https://media.mango.com/is/image/punto/37091389-05-008?wid=2048&hei=2867&fit=crop","https://shop.mango.com/in/en/p/men/trousers/linen/amalfi-100-linen-slim-fit-suit-trousers/37091389/05/00","https://media.mango.com/is/image/punto/37091389-05-007?wid=2048&hei=2867&fit=crop","https://media.mango.com/is/image/punto/37091389-05-500?wid=2048&hei=2867&fit=crop","https://shop.mango.com/in/en/p/men/trousers/linen/amalfi-100-linen-slim-fit-suit-trousers/37091389/05/00","https://media.mango.com/is/image/punto/37091389-05-010?wid=2048&hei=2867&fit=crop","https://shop.mango.com/in/en/p/men/trousers/linen/amalfi-100-linen-slim-fit-suit-trousers/37091389/05/00","https://media.mango.com/is/image/punto/37091389-05-023?wid=2048&hei=2867&fit=crop","Colours","https://media.mango.com/is/image/punto/37091389-05-020?wid=40","https://media.mango.com/is/image/punto/37081357-56-020?wid=40",""
"https://shop.mango.com/in/en/p/men/polos/knitwear/open-knit-cotton-blend-sweater/37012901/02/00","https://media.mango.com/is/image/punto/37012901-02-508?wid=2048&hei=1430&fit=crop","S","M","L","XL","XXL","","Open-knit cotton blend sweater","Current price [Rs. 5,999.00 ]","Rs. 5,999.00","","","","","","","","","","","","","","","","","","","",""
"","","38","40","42","44","46","","Cotton-linen blend denim Bermuda shorts, regular fit","Current price [Rs. 4,999.00 ]","Rs. 4,999.00","https://shop.mango.com/in/en/p/men/shorts/denim-bermuda-shorts/cotton-linen-blend-denim-bermuda-shorts--regular-fit/37022889/30/00","https://media.mango.com/is/image/punto/37022889-30-500?wid=2048&hei=2867&fit=crop","https://media.mango.com/is/image/punto/37022889-30-001?wid=2048&hei=2867&fit=crop","https://media.mango.com/is/image/punto/37022889-30-002?wid=2048&hei=2867&fit=crop","https://media.mango.com/is/image/punto/37022889-30-003?wid=2048&hei=2867&fit=crop","https://shop.mango.com/in/en/p/men/shorts/denim-bermuda-shorts/cotton-linen-blend-denim-bermuda-shorts--regular-fit/37022889/30/00","https://media.mango.com/is/image/punto/37022889-30-004?wid=2048&hei=2867&fit=crop","https://shop.mango.com/in/en/p/men/shorts/denim-bermuda-shorts/cotton-linen-blend-denim-bermuda-shorts--regular-fit/37022889/30/00","https://media.mango.com/is/image/punto/37022889-30-008?wid=2048&hei=2867&fit=crop","https://shop.mango.com/in/en/p/men/shorts/denim-bermuda-shorts/cotton-linen-blend-denim-bermuda-shorts--regular-fit/37022889/30/00","https://media.mango.com/is/image/punto/37022889-30-007?wid=2048&hei=2867&fit=crop","https://media.mango.com/is/image/punto/37022889-30-023?wid=2048&hei=2867&fit=crop","https://shop.mango.com/in/en/p/men/shorts/denim-bermuda-shorts/cotton-linen-blend-denim-bermuda-shorts--regular-fit/37022889/30/00","https://media.mango.com/is/image/punto/37022889-30-900?wid=2048&hei=2867&fit=crop","","","Colours","https://media.mango.com/is/image/punto/37022889-30-020?wid=40","https://media.mango.com/is/image/punto/37022889-02-020?wid=40","https://media.mango.com/is/image/punto/37022889-08-020?wid=40"
"","","S","M","L","XL","XXL","","100% cotton knitted polo structure","Current price [Rs. 4,499.00 ]","Rs. 4,499.00","https://shop.mango.com/in/en/p/men/polos/short-sleeve/100-cotton-knitted-polo-structure/37022900/08/00","https://media.mango.com/is/image/punto/37022900-08-500?wid=2048&hei=2867&fit=crop","https://media.mango.com/is/image/punto/37022900-08-001?wid=2048&hei=2867&fit=crop","https://media.mango.com/is/image/punto/37022900-08-002?wid=2048&hei=2867&fit=crop","https://media.mango.com/is/image/punto/37022900-08-003?wid=2048&hei=2867&fit=crop","https://shop.mango.com/in/en/p/men/polos/short-sleeve/100-cotton-knitted-polo-structure/37022900/08/00","https://media.mango.com/is/image/punto/37022900-08-004?wid=2048&hei=2867&fit=crop","https://shop.mango.com/in/en/p/men/polos/short-sleeve/100-cotton-knitted-polo-structure/37022900/08/00","https://media.mango.com/is/image/punto/37022900-08-008?wid=2048&hei=2867&fit=crop","https://shop.mango.com/in/en/p/men/polos/short-sleeve/100-cotton-knitted-polo-structure/37022900/08/00","https://media.mango.com/is/image/punto/37022900-08-023?wid=2048&hei=2867&fit=crop","https://media.mango.com/is/image/punto/37022900-08-900?wid=2048&hei=2867&fit=crop","https://shop.mango.com/in/en/p/men/polos/short-sleeve/100-cotton-knitted-polo-structure/37022900/08/00","https://media.mango.com/is/image/punto/37022900-08-030?wid=2048&hei=2867&fit=crop","","","Colours","https://media.mango.com/is/image/punto/37022900-08-020?wid=40","https://media.mango.com/is/image/punto/37022900-11-020?wid=40","https://media.mango.com/is/image/punto/37022900-99-020?wid=40"
"","","XS","S","M","L","XL","XXL","Relaxed fit cotton-linen blend T-shirt","Current price [Rs. 2,499.00 ]","Rs. 2,499.00","https://shop.mango.com/in/en/p/men/t-shirts/basics/relaxed-fit-cotton-linen-blend-t-shirt/37062898/02/00","https://media.mango.com/is/image/punto/37062898-02-500?wid=2048&hei=2867&fit=crop","https://media.mango.com/is/image/punto/37062898-02-001?wid=2048&hei=2867&fit=crop","https://media.mango.com/is/image/punto/37062898-02-002?wid=2048&hei=2867&fit=crop","https://media.mango.com/is/image/punto/37062898-02-003?wid=2048&hei=2867&fit=crop","https://shop.mango.com/in/en/p/men/t-shirts/basics/relaxed-fit-cotton-linen-blend-t-shirt/37062898/02/00","https://media.mango.com/is/image/punto/37062898-02-004?wid=2048&hei=2867&fit=crop","https://shop.mango.com/in/en/p/men/t-shirts/basics/relaxed-fit-cotton-linen-blend-t-shirt/37062898/02/00","https://media.mango.com/is/image/punto/37062898-02-008?wid=2048&hei=2867&fit=crop","https://shop.mango.com/in/en/p/men/t-shirts/basics/relaxed-fit-cotton-linen-blend-t-shirt/37062898/02/00","https://media.mango.com/is/image/punto/37062898-02-023?wid=2048&hei=2867&fit=crop","https://media.mango.com/is/image/punto/37062898-02-900?wid=2048&hei=2867&fit=crop","https://shop.mango.com/in/en/p/men/t-shirts/basics/relaxed-fit-cotton-linen-blend-t-shirt/37062898/02/00","https://media.mango.com/is/image/punto/37062898-02-030?wid=2048&hei=2867&fit=crop","","","Colours","https://media.mango.com/is/image/punto/37062898-02-020?wid=40","https://media.mango.com/is/image/punto/37062898-11-020?wid=40","https://media.mango.com/is/image/punto/37062898-89-020?wid=40"
"https://shop.mango.com/in/en/p/men/shorts/linen-blend-bermuda-shorts/lyocell-cotton-blend-pleated-bermuda-shorts/37042890/30/00","https://media.mango.com/is/image/punto/37042890-30-508?wid=2048&hei=1430&fit=crop","38","40","42","44","46","48","Lyocell cotton blend pleated bermuda shorts","Current price [Rs. 4,999.00 ]","Rs. 4,999.00","","","","","","","","","","","","","","","","","","","",""
"","","S","M","L","XL","XXL","","Micro check blazer 100% cotton","Current price [Rs. 8,999.00 ]","Rs. 8,999.00","https://shop.mango.com/in/en/p/men/jackets/field-jackets/micro-check-blazer-100-cotton/37022890/08/00","https://media.mango.com/is/image/punto/37022890-08-500?wid=2048&hei=2867&fit=crop","https://media.mango.com/is/image/punto/37022890-08-001?wid=2048&hei=2867&fit=crop","https://media.mango.com/is/image/punto/37022890-08-002?wid=2048&hei=2867&fit=crop","https://media.mango.com/is/image/punto/37022890-08-003?wid=2048&hei=2867&fit=crop","https://shop.mango.com/in/en/p/men/jackets/field-jackets/micro-check-blazer-100-cotton/37022890/08/00","https://media.mango.com/is/image/punto/37022890-08-004?wid=2048&hei=2867&fit=crop","https://shop.mango.com/in/en/p/men/jackets/field-jackets/micro-check-blazer-100-cotton/37022890/08/00","https://media.mango.com/is/image/punto/37022890-08-008?wid=2048&hei=2867&fit=crop","https://shop.mango.com/in/en/p/men/jackets/field-jackets/micro-check-blazer-100-cotton/37022890/08/00","https://media.mango.com/is/image/punto/37022890-08-023?wid=2048&hei=2867&fit=crop","https://media.mango.com/is/image/punto/37022890-08-900?wid=2048&hei=2867&fit=crop","https://shop.mango.com/in/en/p/men/jackets/field-jackets/micro-check-blazer-100-cotton/37022890/08/00","https://media.mango.com/is/image/punto/37022890-08-030?wid=2048&hei=2867&fit=crop","","","","","",""
"","","38","40","42","44","46","48","Slim fit micro-check 100% cotton Bermuda shorts","Current price [Rs. 4,999.00 ]","Rs. 4,999.00","https://shop.mango.com/in/en/p/men/shorts/denim-bermuda-shorts/slim-fit-micro-check-100-cotton-bermuda-shorts/37052889/08/00","https://media.mango.com/is/image/punto/37052889-08-500?wid=2048&hei=2867&fit=crop","https://media.mango.com/is/image/punto/37052889-08-001?wid=2048&hei=2867&fit=crop","https://media.mango.com/is/image/punto/37052889-08-002?wid=2048&hei=2867&fit=crop","https://media.mango.com/is/image/punto/37052889-08-003?wid=2048&hei=2867&fit=crop","https://shop.mango.com/in/en/p/men/shorts/denim-bermuda-shorts/slim-fit-micro-check-100-cotton-bermuda-shorts/37052889/08/00","https://media.mango.com/is/image/punto/37052889-08-004?wid=2048&hei=2867&fit=crop","https://shop.mango.com/in/en/p/men/shorts/denim-bermuda-shorts/slim-fit-micro-check-100-cotton-bermuda-shorts/37052889/08/00","https://media.mango.com/is/image/punto/37052889-08-008?wid=2048&hei=2867&fit=crop","https://shop.mango.com/in/en/p/men/shorts/denim-bermuda-shorts/slim-fit-micro-check-100-cotton-bermuda-shorts/37052889/08/00","https://media.mango.com/is/image/punto/37052889-08-011?wid=2048&hei=2867&fit=crop","https://media.mango.com/is/image/punto/37052889-08-023?wid=2048&hei=2867&fit=crop","https://shop.mango.com/in/en/p/men/shorts/denim-bermuda-shorts/slim-fit-micro-check-100-cotton-bermuda-shorts/37052889/08/00","https://media.mango.com/is/image/punto/37052889-08-900?wid=2048&hei=2867&fit=crop","https://shop.mango.com/in/en/p/men/shorts/denim-bermuda-shorts/slim-fit-micro-check-100-cotton-bermuda-shorts/37052889/08/00","https://media.mango.com/is/image/punto/37052889-08-030?wid=2048&hei=2867&fit=crop","","","",""
"","","S","M","L","XL","XXL","","Ribbed cotton-linen blend sweater","Current price [Rs. 4,999.00 ]","Rs. 4,999.00","https://shop.mango.com/in/en/p/men/sweaters-and-cardigans/sweaters/ribbed-cotton-linen-blend-sweater/37072899/30/00","https://media.mango.com/is/image/punto/37072899-30-500?wid=2048&hei=2867&fit=crop","https://media.mango.com/is/image/punto/37072899-30-001?wid=2048&hei=2867&fit=crop","https://media.mango.com/is/image/punto/37072899-30-002?wid=2048&hei=2867&fit=crop","https://media.mango.com/is/image/punto/37072899-30-003?wid=2048&hei=2867&fit=crop","https://shop.mango.com/in/en/p/men/sweaters-and-cardigans/sweaters/ribbed-cotton-linen-blend-sweater/37072899/30/00","https://media.mango.com/is/image/punto/37072899-30-004?wid=2048&hei=2867&fit=crop","https://shop.mango.com/in/en/p/men/sweaters-and-cardigans/sweaters/ribbed-cotton-linen-blend-sweater/37072899/30/00","https://media.mango.com/is/image/punto/37072899-30-008?wid=2048&hei=2867&fit=crop","https://shop.mango.com/in/en/p/men/sweaters-and-cardigans/sweaters/ribbed-cotton-linen-blend-sweater/37072899/30/00","https://media.mango.com/is/image/punto/37072899-30-023?wid=2048&hei=2867&fit=crop","https://media.mango.com/is/image/punto/37072899-30-900?wid=2048&hei=2867&fit=crop","https://shop.mango.com/in/en/p/men/sweaters-and-cardigans/sweaters/ribbed-cotton-linen-blend-sweater/37072899/30/00","https://media.mango.com/is/image/punto/37072899-30-030?wid=2048&hei=2867&fit=crop","","","","","",""
"","","38","40","42","44","46","","Relaxed fit jeans in a cotton-linen blend","Current price [Rs. 6,499.00 ]","Rs. 6,499.00","https://shop.mango.com/in/en/p/men/trousers/linen/relaxed-fit-jeans-in-a-cotton-linen-blend/37082888/02/00","https://media.mango.com/is/image/punto/37082888-02-500?wid=2048&hei=2867&fit=crop","https://media.mango.com/is/image/punto/37082888-02-001?wid=2048&hei=2867&fit=crop","https://media.mango.com/is/image/punto/37082888-02-002?wid=2048&hei=2867&fit=crop","https://media.mango.com/is/image/punto/37082888-02-003?wid=2048&hei=2867&fit=crop","https://shop.mango.com/in/en/p/men/trousers/linen/relaxed-fit-jeans-in-a-cotton-linen-blend/37082888/02/00","https://media.mango.com/is/image/punto/37082888-02-004?wid=2048&hei=2867&fit=crop","https://shop.mango.com/in/en/p/men/trousers/linen/relaxed-fit-jeans-in-a-cotton-linen-blend/37082888/02/00","https://media.mango.com/is/image/punto/37082888-02-008?wid=2048&hei=2867&fit=crop","https://shop.mango.com/in/en/p/men/trousers/linen/relaxed-fit-jeans-in-a-cotton-linen-blend/37082888/02/00","https://media.mango.com/is/image/punto/37082888-02-023?wid=2048&hei=2867&fit=crop","https://media.mango.com/is/image/punto/37082888-02-900?wid=2048&hei=2867&fit=crop","","","","","Colours","https://media.mango.com/is/image/punto/37082888-02-020?wid=40","https://media.mango.com/is/image/punto/37082888-08-020?wid=40","https://media.mango.com/is/image/punto/37082888-30-020?wid=40"
"https://shop.mango.com/in/en/p/men/trousers/pleated/lyocell-linen-blend-slim-fit-suit-trousers/37061358/01/00","https://media.mango.com/is/image/punto/37061358-01-508?wid=2048&hei=1430&fit=crop","38","40","42","44","46","48","Lyocell-linen blend slim fit suit trousers","Current price [Rs. 7,499.00 ]","Rs. 7,499.00","","","","","","","","","","","","","","","","","","","",""
"https://shop.mango.com/in/en/p/men/blazers/double-breasted/double-breasted-blazer-in-lyocell-linen-mix/37051358/01/00","https://media.mango.com/is/image/punto/37051358-01-508?wid=2048&hei=1430&fit=crop","46","48","50","52","54","56","Double-breasted blazer in lyocell-linen mix","Current price [Rs. 15,999.00 ]","Rs. 15,999.00","","","","","","","","","","","","","","","","","","","",""
"","","38","40","42","44","46","48","100% linen trousers with adjustable straps","Current price [Rs. 7,499.00 ]","Rs. 7,499.00","https://shop.mango.com/in/en/p/men/trousers/linen/100-linen-trousers-with-adjustable-straps/37051415/56/00","https://media.mango.com/is/image/punto/37051415-56-500?wid=2048&hei=2867&fit=crop","https://media.mango.com/is/image/punto/37051415-56-001?wid=2048&hei=2867&fit=crop","https://media.mango.com/is/image/punto/37051415-56-002?wid=2048&hei=2867&fit=crop","https://media.mango.com/is/image/punto/37051415-56-003?wid=2048&hei=2867&fit=crop","https://shop.mango.com/in/en/p/men/trousers/linen/100-linen-trousers-with-adjustable-straps/37051415/56/00","https://media.mango.com/is/image/punto/37051415-56-004?wid=2048&hei=2867&fit=crop","https://shop.mango.com/in/en/p/men/trousers/linen/100-linen-trousers-with-adjustable-straps/37051415/56/00","https://media.mango.com/is/image/punto/37051415-56-008?wid=2048&hei=2867&fit=crop","https://shop.mango.com/in/en/p/men/trousers/linen/100-linen-trousers-with-adjustable-straps/37051415/56/00","https://media.mango.com/is/image/punto/37051415-56-007?wid=2048&hei=2867&fit=crop","https://media.mango.com/is/image/punto/37051415-56-023?wid=2048&hei=2867&fit=crop","https://shop.mango.com/in/en/p/men/trousers/linen/100-linen-trousers-with-adjustable-straps/37051415/56/00","https://media.mango.com/is/image/punto/37051415-56-900?wid=2048&hei=2867&fit=crop","https://shop.mango.com/in/en/p/men/trousers/linen/100-linen-trousers-with-adjustable-straps/37051415/56/00","https://media.mango.com/is/image/punto/37051415-56-030?wid=2048&hei=2867&fit=crop","Colours","https://media.mango.com/is/image/punto/37051415-56-020?wid=40","https://media.mango.com/is/image/punto/37031370-01-020?wid=40",""
"","","38","40","42","44","46","48","Milan slim-fit suit trousers","Current price [Rs. 6,199.00 ]","Rs. 6,199.00","https://shop.mango.com/in/en/p/men/trousers/slim-fit/milan-slim-fit-suit-trousers/37021360/08/00","https://media.mango.com/is/image/punto/37021360-08-500?wid=2048&hei=2867&fit=crop","https://media.mango.com/is/image/punto/37021360-08-001?wid=2048&hei=2867&fit=crop","https://media.mango.com/is/image/punto/37021360-08-002?wid=2048&hei=2867&fit=crop","https://media.mango.com/is/image/punto/37021360-08-003?wid=2048&hei=2867&fit=crop","https://shop.mango.com/in/en/p/men/trousers/slim-fit/milan-slim-fit-suit-trousers/37021360/08/00","https://media.mango.com/is/image/punto/37021360-08-004?wid=2048&hei=2867&fit=crop","https://shop.mango.com/in/en/p/men/trousers/slim-fit/milan-slim-fit-suit-trousers/37021360/08/00","https://media.mango.com/is/image/punto/37021360-08-008?wid=2048&hei=2867&fit=crop","https://shop.mango.com/in/en/p/men/trousers/slim-fit/milan-slim-fit-suit-trousers/37021360/08/00","https://media.mango.com/is/image/punto/37021360-08-007?wid=2048&hei=2867&fit=crop","https://media.mango.com/is/image/punto/37021360-08-011?wid=2048&hei=2867&fit=crop","https://shop.mango.com/in/en/p/men/trousers/slim-fit/milan-slim-fit-suit-trousers/37021360/08/00","https://media.mango.com/is/image/punto/37021360-08-023?wid=2048&hei=2867&fit=crop","https://shop.mango.com/in/en/p/men/trousers/slim-fit/milan-slim-fit-suit-trousers/37021360/08/00","https://media.mango.com/is/image/punto/37021360-08-900?wid=2048&hei=2867&fit=crop","Colours","https://media.mango.com/is/image/punto/37021360-08-020?wid=40","https://media.mango.com/is/image/punto/37041362-56-020?wid=40","https://media.mango.com/is/image/punto/37031371-35-020?wid=40"
"https://shop.mango.com/in/en/p/men/blazers/double-breasted/boston-regular-fit-double-breasted-suit-jacket/37071405/56/00","https://media.mango.com/is/image/punto/37071405-56-508?wid=2048&hei=1430&fit=crop","46","48","50","52","54","56","Boston regular-fit double-breasted suit jacket","Current price [Rs. 14,999.00 ]","Rs. 14,999.00","","","","","","","","","","","","","","","","","","","",""
"https://shop.mango.com/in/en/p/men/shorts/linen-blend-bermuda-shorts/regular-fit-100-linen-bermuda-shorts/37071334/56/00","https://media.mango.com/is/image/punto/37071334-56-508?wid=2048&hei=1430&fit=crop","38","40","42","44","46","48","Regular fit 100% linen Bermuda shorts","Current price [Rs. 4,999.00 ]","Rs. 4,999.00","","","","","","","","","","","","","","","","","","","",""
"https://shop.mango.com/in/en/p/men/shirts/linen/100-linen-slim-fit-shirt/37081422/07/00","https://media.mango.com/is/image/punto/37081422-07-508?wid=2048&hei=1430&fit=crop","XS","S","M","L","XL","XXL","100% linen slim-fit shirt","Current price [Rs. 6,190.00 ]","Rs. 6,190.00","","","","","","","","","","","","","","","","","","","",""
"https://shop.mango.com/in/en/p/men/shirts/regular-fit/100-cotton-striped-shirt/37041433/50/00","https://media.mango.com/is/image/punto/37041433-50-508?wid=2048&hei=1430&fit=crop","XS","S","M","L","XL","XXL","100% cotton striped shirt","Current price [Rs. 4,990.00 ]","Rs. 4,990.00","","","","","","","","","","","","","","","","","","","",""
"","","S","M","L","XL","XXL","","Modal zip jacket","Current price [Rs. 8,990.00 ]","Rs. 8,990.00","https://shop.mango.com/in/en/p/men/jackets/jackets/modal-zip-jacket/37031333/56/00","https://media.mango.com/is/image/punto/37031333-56-500?wid=2048&hei=2867&fit=crop","https://media.mango.com/is/image/punto/37031333-56-001?wid=2048&hei=2867&fit=crop","https://media.mango.com/is/image/punto/37031333-56-002?wid=2048&hei=2867&fit=crop","https://media.mango.com/is/image/punto/37031333-56-003?wid=2048&hei=2867&fit=crop","https://shop.mango.com/in/en/p/men/jackets/jackets/modal-zip-jacket/37031333/56/00","https://media.mango.com/is/image/punto/37031333-56-004?wid=2048&hei=2867&fit=crop","https://shop.mango.com/in/en/p/men/jackets/jackets/modal-zip-jacket/37031333/56/00","https://media.mango.com/is/image/punto/37031333-56-008?wid=2048&hei=2867&fit=crop","https://shop.mango.com/in/en/p/men/jackets/jackets/modal-zip-jacket/37031333/56/00","https://media.mango.com/is/image/punto/37031333-56-023?wid=2048&hei=2867&fit=crop","https://media.mango.com/is/image/punto/37031333-56-900?wid=2048&hei=2867&fit=crop","https://shop.mango.com/in/en/p/men/jackets/jackets/modal-zip-jacket/37031333/56/00","https://media.mango.com/is/image/punto/37031333-56-030?wid=2048&hei=2867&fit=crop","","","","","",""
"","","S","M","L","XL","XXL","","Regular fit cotton-linen blend overshirt","Current price [Rs. 5,999.00 ]","Rs. 5,999.00","https://shop.mango.com/in/en/p/men/overshirts/regular-fit-cotton-linen-blend-overshirt/37092889/01/00","https://media.mango.com/is/image/punto/37092889-01-500?wid=2048&hei=2867&fit=crop","https://media.mango.com/is/image/punto/37092889-01-001?wid=2048&hei=2867&fit=crop","https://media.mango.com/is/image/punto/37092889-01-002?wid=2048&hei=2867&fit=crop","https://media.mango.com/is/image/punto/37092889-01-003?wid=2048&hei=2867&fit=crop","https://shop.mango.com/in/en/p/men/overshirts/regular-fit-cotton-linen-blend-overshirt/37092889/01/00","https://media.mango.com/is/image/punto/37092889-01-004?wid=2048&hei=2867&fit=crop","https://shop.mango.com/in/en/p/men/overshirts/regular-fit-cotton-linen-blend-overshirt/37092889/01/00","https://media.mango.com/is/image/punto/37092889-01-008?wid=2048&hei=2867&fit=crop","https://shop.mango.com/in/en/p/men/overshirts/regular-fit-cotton-linen-blend-overshirt/37092889/01/00","https://media.mango.com/is/image/punto/37092889-01-011?wid=2048&hei=2867&fit=crop","https://media.mango.com/is/image/punto/37092889-01-023?wid=2048&hei=2867&fit=crop","https://shop.mango.com/in/en/p/men/overshirts/regular-fit-cotton-linen-blend-overshirt/37092889/01/00","https://media.mango.com/is/image/punto/37092889-01-900?wid=2048&hei=2867&fit=crop","https://shop.mango.com/in/en/p/men/overshirts/regular-fit-cotton-linen-blend-overshirt/37092889/01/00","https://media.mango.com/is/image/punto/37092889-01-030?wid=2048&hei=2867&fit=crop","","","",""
"","","38","40","42","44","46","48","Slim fit cropped linen-cotton trousers","Current price [Rs. 5,290.00 ]","Rs. 5,290.00","https://shop.mango.com/in/en/p/men/trousers/linen/slim-fit-cropped-linen-cotton-trousers/37061331/02/00","https://media.mango.com/is/image/punto/37061331-02-500?wid=2048&hei=2867&fit=crop","https://media.mango.com/is/image/punto/37061331-02-001?wid=2048&hei=2867&fit=crop","https://media.mango.com/is/image/punto/37061331-02-002?wid=2048&hei=2867&fit=crop","https://media.mango.com/is/image/punto/37061331-02-003?wid=2048&hei=2867&fit=crop","https://shop.mango.com/in/en/p/men/trousers/linen/slim-fit-cropped-linen-cotton-trousers/37061331/02/00","https://media.mango.com/is/image/punto/37061331-02-004?wid=2048&hei=2867&fit=crop","https://shop.mango.com/in/en/p/men/trousers/linen/slim-fit-cropped-linen-cotton-trousers/37061331/02/00","https://media.mango.com/is/image/punto/37061331-02-008?wid=2048&hei=2867&fit=crop","https://shop.mango.com/in/en/p/men/trousers/linen/slim-fit-cropped-linen-cotton-trousers/37061331/02/00","https://media.mango.com/is/image/punto/37061331-02-007?wid=2048&hei=2867&fit=crop","https://media.mango.com/is/image/punto/37061331-02-011?wid=2048&hei=2867&fit=crop","https://shop.mango.com/in/en/p/men/trousers/linen/slim-fit-cropped-linen-cotton-trousers/37061331/02/00","https://media.mango.com/is/image/punto/37061331-02-023?wid=2048&hei=2867&fit=crop","https://shop.mango.com/in/en/p/men/trousers/linen/slim-fit-cropped-linen-cotton-trousers/37061331/02/00","https://media.mango.com/is/image/punto/37061331-02-900?wid=2048&hei=2867&fit=crop","Colours","https://media.mango.com/is/image/punto/37061331-02-020?wid=40","https://media.mango.com/is/image/punto/37061331-99-020?wid=40","https://media.mango.com/is/image/punto/37061331-56-020?wid=40"
"","","38","40","42","44","46","48","Slim fit cotton lyocell bermuda shorts","Current price [Rs. 4,999.00 ]","Rs. 4,999.00","https://shop.mango.com/in/en/p/men/shorts/linen-blend-bermuda-shorts/slim-fit-cotton-lyocell-bermuda-shorts/37081448/45/00","https://media.mango.com/is/image/punto/37081448-45-500?wid=2048&hei=2867&fit=crop","https://media.mango.com/is/image/punto/37081448-45-001?wid=2048&hei=2867&fit=crop","https://media.mango.com/is/image/punto/37081448-45-002?wid=2048&hei=2867&fit=crop","https://media.mango.com/is/image/punto/37081448-45-003?wid=2048&hei=2867&fit=crop","https://shop.mango.com/in/en/p/men/shorts/linen-blend-bermuda-shorts/slim-fit-cotton-lyocell-bermuda-shorts/37081448/45/00","https://media.mango.com/is/image/punto/37081448-45-004?wid=2048&hei=2867&fit=crop","https://shop.mango.com/in/en/p/men/shorts/linen-blend-bermuda-shorts/slim-fit-cotton-lyocell-bermuda-shorts/37081448/45/00","https://media.mango.com/is/image/punto/37081448-45-008?wid=2048&hei=2867&fit=crop","https://shop.mango.com/in/en/p/men/shorts/linen-blend-bermuda-shorts/slim-fit-cotton-lyocell-bermuda-shorts/37081448/45/00","https://media.mango.com/is/image/punto/37081448-45-007?wid=2048&hei=2867&fit=crop","https://media.mango.com/is/image/punto/37081448-45-023?wid=2048&hei=2867&fit=crop","https://shop.mango.com/in/en/p/men/shorts/linen-blend-bermuda-shorts/slim-fit-cotton-lyocell-bermuda-shorts/37081448/45/00","https://media.mango.com/is/image/punto/37081448-45-900?wid=2048&hei=2867&fit=crop","https://shop.mango.com/in/en/p/men/shorts/linen-blend-bermuda-shorts/slim-fit-cotton-lyocell-bermuda-shorts/37081448/45/00","https://media.mango.com/is/image/punto/37081448-45-030?wid=2048&hei=2867&fit=crop","Colours","https://media.mango.com/is/image/punto/37081448-45-020?wid=40","https://media.mango.com/is/image/punto/37081448-03-020?wid=40",""
"","","46","48","50","52","54","56","Milan slim-fit suit jacket","Current price [Rs. 11,999.00 ]","Rs. 11,999.00","https://shop.mango.com/in/en/p/men/blazers/casual/milan-slim-fit-suit-jacket/37031360/08/00","https://media.mango.com/is/image/punto/37031360-08-500?wid=2048&hei=2867&fit=crop","https://media.mango.com/is/image/punto/37031360-08-001?wid=2048&hei=2867&fit=crop","https://media.mango.com/is/image/punto/37031360-08-002?wid=2048&hei=2867&fit=crop","https://media.mango.com/is/image/punto/37031360-08-003?wid=2048&hei=2867&fit=crop","https://shop.mango.com/in/en/p/men/blazers/casual/milan-slim-fit-suit-jacket/37031360/08/00","https://media.mango.com/is/image/punto/37031360-08-004?wid=2048&hei=2867&fit=crop","https://shop.mango.com/in/en/p/men/blazers/casual/milan-slim-fit-suit-jacket/37031360/08/00","https://media.mango.com/is/image/punto/37031360-08-008?wid=2048&hei=2867&fit=crop","https://shop.mango.com/in/en/p/men/blazers/casual/milan-slim-fit-suit-jacket/37031360/08/00","https://media.mango.com/is/image/punto/37031360-08-007?wid=2048&hei=2867&fit=crop","https://media.mango.com/is/image/punto/37031360-08-023?wid=2048&hei=2867&fit=crop","https://shop.mango.com/in/en/p/men/blazers/casual/milan-slim-fit-suit-jacket/37031360/08/00","https://media.mango.com/is/image/punto/37031360-08-900?wid=2048&hei=2867&fit=crop","https://shop.mango.com/in/en/p/men/blazers/casual/milan-slim-fit-suit-jacket/37031360/08/00","https://media.mango.com/is/image/punto/37031360-08-030?wid=2048&hei=2867&fit=crop","Colours","https://media.mango.com/is/image/punto/37031360-08-020?wid=40","https://media.mango.com/is/image/punto/37091361-56-020?wid=40","https://media.mango.com/is/image/punto/37041369-35-020?wid=40"
"https://shop.mango.com/in/en/p/men/shirts/printed/100-cotton-printed-shirt/37031435/55/00","https://media.mango.com/is/image/punto/37031435-55-508?wid=2048&hei=1430&fit=crop","XS","S","M","L","XL","XXL","100% cotton printed shirt","Current price [Rs. 4,990.00 ]","Rs. 4,990.00","","","","","","","","","","","","","","","","","","","",""
"","","XS","S","M","L","XL","XXL","100% cotton shirt with embroidery details","Current price [Rs. 3,990.00 ]","Rs. 3,990.00","https://shop.mango.com/in/en/p/men/shirts/regular-fit/100-cotton-shirt-with-embroidery-details/37091346/01/00","https://media.mango.com/is/image/punto/37091346-01-500?wid=2048&hei=2867&fit=crop","https://media.mango.com/is/image/punto/37091346-01-001?wid=2048&hei=2867&fit=crop","https://media.mango.com/is/image/punto/37091346-01-002?wid=2048&hei=2867&fit=crop","https://media.mango.com/is/image/punto/37091346-01-003?wid=2048&hei=2867&fit=crop","https://shop.mango.com/in/en/p/men/shirts/regular-fit/100-cotton-shirt-with-embroidery-details/37091346/01/00","https://media.mango.com/is/image/punto/37091346-01-004?wid=2048&hei=2867&fit=crop","https://shop.mango.com/in/en/p/men/shirts/regular-fit/100-cotton-shirt-with-embroidery-details/37091346/01/00","https://media.mango.com/is/image/punto/37091346-01-008?wid=2048&hei=2867&fit=crop","https://shop.mango.com/in/en/p/men/shirts/regular-fit/100-cotton-shirt-with-embroidery-details/37091346/01/00","https://media.mango.com/is/image/punto/37091346-01-011?wid=2048&hei=2867&fit=crop","https://media.mango.com/is/image/punto/37091346-01-023?wid=2048&hei=2867&fit=crop","https://shop.mango.com/in/en/p/men/shirts/regular-fit/100-cotton-shirt-with-embroidery-details/37091346/01/00","https://media.mango.com/is/image/punto/37091346-01-900?wid=2048&hei=2867&fit=crop","https://shop.mango.com/in/en/p/men/shirts/regular-fit/100-cotton-shirt-with-embroidery-details/37091346/01/00","https://media.mango.com/is/image/punto/37091346-01-030?wid=2048&hei=2867&fit=crop","Colours","https://media.mango.com/is/image/punto/37091346-01-020?wid=40","https://media.mango.com/is/image/punto/37091346-56-020?wid=40","https://media.mango.com/is/image/punto/37091346-08-020?wid=40"
"https://shop.mango.com/in/en/p/men/trousers/linen/slim-fit-linen-lyocell-blend-trousers/37021369/56/00","https://media.mango.com/is/image/punto/37021369-56-508?wid=2048&hei=1430&fit=crop","38","40","42","44","46","48","Slim fit linen lyocell blend trousers","Current price [Rs. 6,499.00 ]","Rs. 6,499.00","","","","","","","","","","","","","","","","","","","",""
"","","One size","","","","","","100% cotton grid handkerchief","Current price [Rs. 2,499.00 ]","Rs. 2,499.00","https://shop.mango.com/in/en/p/men/scarves--caps-and-gloves/scarves/100-cotton-grid-handkerchief/37051356/01/00","https://media.mango.com/is/image/punto/37051356-01-500?wid=2048&hei=2867&fit=crop","https://media.mango.com/is/image/punto/37051356-01-052?wid=2048&hei=2867&fit=crop","https://media.mango.com/is/image/punto/37051356-01-053?wid=2048&hei=2867&fit=crop","https://media.mango.com/is/image/punto/37051356-01-900?wid=2048&hei=2867&fit=crop","","","","","","","","","","","","","","",""
"","","XS","S","M","L","XL","XXL","Regular fit lyocell-linen blend shirt","Current price [Rs. 4,999.00 ]","Rs. 4,999.00","https://shop.mango.com/in/en/p/men/shirts/linen/regular-fit-lyocell-linen-blend-shirt/37081352/56/00","https://media.mango.com/is/image/punto/37081352-56-500?wid=2048&hei=2867&fit=crop","https://media.mango.com/is/image/punto/37081352-56-001?wid=2048&hei=2867&fit=crop","https://media.mango.com/is/image/punto/37081352-56-002?wid=2048&hei=2867&fit=crop","https://media.mango.com/is/image/punto/37081352-56-003?wid=2048&hei=2867&fit=crop","https://shop.mango.com/in/en/p/men/shirts/linen/regular-fit-lyocell-linen-blend-shirt/37081352/56/00","https://media.mango.com/is/image/punto/37081352-56-004?wid=2048&hei=2867&fit=crop","https://shop.mango.com/in/en/p/men/shirts/linen/regular-fit-lyocell-linen-blend-shirt/37081352/56/00","https://media.mango.com/is/image/punto/37081352-56-008?wid=2048&hei=2867&fit=crop","https://shop.mango.com/in/en/p/men/shirts/linen/regular-fit-lyocell-linen-blend-shirt/37081352/56/00","https://media.mango.com/is/image/punto/37081352-56-023?wid=2048&hei=2867&fit=crop","https://media.mango.com/is/image/punto/37081352-56-900?wid=2048&hei=2867&fit=crop","https://shop.mango.com/in/en/p/men/shirts/linen/regular-fit-lyocell-linen-blend-shirt/37081352/56/00","https://media.mango.com/is/image/punto/37081352-56-030?wid=2048&hei=2867&fit=crop","","","Colours","https://media.mango.com/is/image/punto/37081352-56-020?wid=40","https://media.mango.com/is/image/punto/37081352-07-020?wid=40","https://media.mango.com/is/image/punto/37081352-81-020?wid=40"
"","","S","M","L","XL","XXL","","Fine knit cotton blend T-shirt","Current price [Rs. 2,890.00 ]","Rs. 2,890.00","https://shop.mango.com/in/en/p/men/t-shirts/basics/fine-knit-cotton-blend-t-shirt/37061436/08/00","https://media.mango.com/is/image/punto/37061436-08-500?wid=2048&hei=2867&fit=crop","https://media.mango.com/is/image/punto/37061436-08-001?wid=2048&hei=2867&fit=crop","https://media.mango.com/is/image/punto/37061436-08-002?wid=2048&hei=2867&fit=crop","https://media.mango.com/is/image/punto/37061436-08-003?wid=2048&hei=2867&fit=crop","https://shop.mango.com/in/en/p/men/t-shirts/basics/fine-knit-cotton-blend-t-shirt/37061436/08/00","https://media.mango.com/is/image/punto/37061436-08-004?wid=2048&hei=2867&fit=crop","https://shop.mango.com/in/en/p/men/t-shirts/basics/fine-knit-cotton-blend-t-shirt/37061436/08/00","https://media.mango.com/is/image/punto/37061436-08-008?wid=2048&hei=2867&fit=crop","https://shop.mango.com/in/en/p/men/t-shirts/basics/fine-knit-cotton-blend-t-shirt/37061436/08/00","https://media.mango.com/is/image/punto/37061436-08-023?wid=2048&hei=2867&fit=crop","https://media.mango.com/is/image/punto/37061436-08-900?wid=2048&hei=2867&fit=crop","https://shop.mango.com/in/en/p/men/t-shirts/basics/fine-knit-cotton-blend-t-shirt/37061436/08/00","https://media.mango.com/is/image/punto/37061436-08-030?wid=2048&hei=2867&fit=crop","","","Colours","https://media.mango.com/is/image/punto/37061436-08-020?wid=40","https://media.mango.com/is/image/punto/37061436-56-020?wid=40","https://media.mango.com/is/image/punto/37061436-04-020?wid=40"
"https://shop.mango.com/in/en/p/men/shirts/slim-fit/seersucker-striped-texture-shirt/37051353/52/00","https://media.mango.com/is/image/punto/37051353-52-508?wid=2048&hei=1430&fit=crop","XS","S","M","L","XL","XXL","Seersucker striped texture shirt","Current price [Rs. 4,990.00 ]","Rs. 4,990.00","","","","","","","","","","","","","","","","","","","",""
"","","S","M","L","XL","XXL","","100% cotton fine knit polo","Current price [Rs. 4,299.00 ]","Rs. 4,299.00","https://shop.mango.com/in/en/p/men/polos/knitwear/100-cotton-fine-knit-polo/37091435/45/00","https://media.mango.com/is/image/punto/37091435-45-500?wid=2048&hei=2867&fit=crop","https://media.mango.com/is/image/punto/37091435-45-001?wid=2048&hei=2867&fit=crop","https://media.mango.com/is/image/punto/37091435-45-002?wid=2048&hei=2867&fit=crop","https://media.mango.com/is/image/punto/37091435-45-003?wid=2048&hei=2867&fit=crop","https://shop.mango.com/in/en/p/men/polos/knitwear/100-cotton-fine-knit-polo/37091435/45/00","https://media.mango.com/is/image/punto/37091435-45-004?wid=2048&hei=2867&fit=crop","https://shop.mango.com/in/en/p/men/polos/knitwear/100-cotton-fine-knit-polo/37091435/45/00","https://media.mango.com/is/image/punto/37091435-45-008?wid=2048&hei=2867&fit=crop","https://shop.mango.com/in/en/p/men/polos/knitwear/100-cotton-fine-knit-polo/37091435/45/00","https://media.mango.com/is/image/punto/37091435-45-023?wid=2048&hei=2867&fit=crop","https://media.mango.com/is/image/punto/37091435-45-900?wid=2048&hei=2867&fit=crop","https://shop.mango.com/in/en/p/men/polos/knitwear/100-cotton-fine-knit-polo/37091435/45/00","https://media.mango.com/is/image/punto/37091435-45-030?wid=2048&hei=2867&fit=crop","","","Colours","https://media.mango.com/is/image/punto/37091435-45-020?wid=40","https://media.mango.com/is/image/punto/37091435-99-020?wid=40","https://media.mango.com/is/image/punto/37091435-02-020?wid=40"
"","","38","40","42","44","46","48","Slim fit cotton blend Bermuda shorts","Current price [Rs. 4,999.00 ]","Rs. 4,999.00","https://shop.mango.com/in/en/p/men/shorts/slim-fit-cotton-blend-bermuda-shorts/37031336/50/00","https://media.mango.com/is/image/punto/37031336-50-500?wid=2048&hei=2867&fit=crop","https://media.mango.com/is/image/punto/37031336-50-001?wid=2048&hei=2867&fit=crop","https://media.mango.com/is/image/punto/37031336-50-002?wid=2048&hei=2867&fit=crop","https://media.mango.com/is/image/punto/37031336-50-003?wid=2048&hei=2867&fit=crop","https://shop.mango.com/in/en/p/men/shorts/slim-fit-cotton-blend-bermuda-shorts/37031336/50/00","https://media.mango.com/is/image/punto/37031336-50-004?wid=2048&hei=2867&fit=crop","https://shop.mango.com/in/en/p/men/shorts/slim-fit-cotton-blend-bermuda-shorts/37031336/50/00","https://media.mango.com/is/image/punto/37031336-50-008?wid=2048&hei=2867&fit=crop","https://shop.mango.com/in/en/p/men/shorts/slim-fit-cotton-blend-bermuda-shorts/37031336/50/00","https://media.mango.com/is/image/punto/37031336-50-023?wid=2048&hei=2867&fit=crop","https://media.mango.com/is/image/punto/37031336-50-900?wid=2048&hei=2867&fit=crop","https://shop.mango.com/in/en/p/men/shorts/slim-fit-cotton-blend-bermuda-shorts/37031336/50/00","https://media.mango.com/is/image/punto/37031336-50-030?wid=2048&hei=2867&fit=crop","","","","","",""
"https://shop.mango.com/in/en/p/men/polos/short-sleeve/100-cotton-open-knit-polo-shirt/37001439/45/00","https://media.mango.com/is/image/punto/37001439-45-508?wid=2048&hei=1430&fit=crop","S","M","L","XL","XXL","","100% cotton open-knit polo shirt","Current price [Rs. 4,490.00 ]","Rs. 4,490.00","","","","","","","","","","","","","","","","","","","",""
"","","One size","","","","","","Rectangular-frame sunglasses","Current price [Rs. 4,999.00 ]","Rs. 4,999.00","https://shop.mango.com/in/en/p/men/sunglasses/rectangular-frame-sunglasses/37061392/99/00","https://media.mango.com/is/image/punto/37061392-99-500?wid=2048&hei=2867&fit=crop","https://media.mango.com/is/image/punto/37061392-99-052?wid=2048&hei=2867&fit=crop","https://media.mango.com/is/image/punto/37061392-99-053?wid=2048&hei=2867&fit=crop","https://media.mango.com/is/image/punto/37061392-99-054?wid=2048&hei=2867&fit=crop","https://shop.mango.com/in/en/p/men/sunglasses/rectangular-frame-sunglasses/37061392/99/00","https://media.mango.com/is/image/punto/37061392-99-900?wid=2048&hei=2867&fit=crop","","","","","","","","","","Colours","https://media.mango.com/is/image/punto/37061392-99-020?wid=40","https://media.mango.com/is/image/punto/37061392-32-020?wid=40",""
"","","46","48","50","52","54","56","Slim-fit suit jacket made from a linen-lyocell blend","Current price [Rs. 10,999.00 ]","Rs. 10,999.00","https://shop.mango.com/in/en/p/men/blazers/suit/slim-fit-suit-jacket-made-from-a-linen-lyocell-blend/37041368/56/00","https://media.mango.com/is/image/punto/37041368-56-501?wid=2048&hei=2867&fit=crop","https://media.mango.com/is/image/punto/37041368-56-001?wid=2048&hei=2867&fit=crop","https://media.mango.com/is/image/punto/37041368-56-002?wid=2048&hei=2867&fit=crop","https://media.mango.com/is/image/punto/37041368-56-003?wid=2048&hei=2867&fit=crop","https://shop.mango.com/in/en/p/men/blazers/suit/slim-fit-suit-jacket-made-from-a-linen-lyocell-blend/37041368/56/00","https://media.mango.com/is/image/punto/37041368-56-004?wid=2048&hei=2867&fit=crop","https://shop.mango.com/in/en/p/men/blazers/suit/slim-fit-suit-jacket-made-from-a-linen-lyocell-blend/37041368/56/00","https://media.mango.com/is/image/punto/37041368-56-008?wid=2048&hei=2867&fit=crop","https://shop.mango.com/in/en/p/men/blazers/suit/slim-fit-suit-jacket-made-from-a-linen-lyocell-blend/37041368/56/00","https://media.mango.com/is/image/punto/37041368-56-007?wid=2048&hei=2867&fit=crop","https://media.mango.com/is/image/punto/37041368-56-500?wid=2048&hei=2867&fit=crop","https://shop.mango.com/in/en/p/men/blazers/suit/slim-fit-suit-jacket-made-from-a-linen-lyocell-blend/37041368/56/00","https://media.mango.com/is/image/punto/37041368-56-023?wid=2048&hei=2867&fit=crop","https://shop.mango.com/in/en/p/men/blazers/suit/slim-fit-suit-jacket-made-from-a-linen-lyocell-blend/37041368/56/00","https://media.mango.com/is/image/punto/37041368-56-900?wid=2048&hei=2867&fit=crop","","","",""
"https://shop.mango.com/in/en/p/men/shorts/linen-blend-bermuda-shorts/lyocell-blend-striped-bermuda-shorts/37051335/98/00","https://media.mango.com/is/image/punto/37051335-98-508?wid=2048&hei=1430&fit=crop","38","40","42","44","46","48","Lyocell blend striped bermuda shorts","Current price [Rs. 4,999.00 ]","Rs. 4,999.00","","","","","","","","","","","","","","","","","","","",""
"","","S","M","L","XL","XXL","","100% cotton braided texture polo shirt","Current price [Rs. 4,699.00 ]","Rs. 4,699.00","https://shop.mango.com/in/en/p/men/polos/knitwear/100-cotton-braided-texture-polo-shirt/37001441/44/00","https://media.mango.com/is/image/punto/37001441-44-500?wid=2048&hei=2867&fit=crop","https://media.mango.com/is/image/punto/37001441-44-001?wid=2048&hei=2867&fit=crop","https://media.mango.com/is/image/punto/37001441-44-002?wid=2048&hei=2867&fit=crop","https://media.mango.com/is/image/punto/37001441-44-003?wid=2048&hei=2867&fit=crop","https://shop.mango.com/in/en/p/men/polos/knitwear/100-cotton-braided-texture-polo-shirt/37001441/44/00","https://media.mango.com/is/image/punto/37001441-44-004?wid=2048&hei=2867&fit=crop","https://shop.mango.com/in/en/p/men/polos/knitwear/100-cotton-braided-texture-polo-shirt/37001441/44/00","https://media.mango.com/is/image/punto/37001441-44-008?wid=2048&hei=2867&fit=crop","https://shop.mango.com/in/en/p/men/polos/knitwear/100-cotton-braided-texture-polo-shirt/37001441/44/00","https://media.mango.com/is/image/punto/37001441-44-023?wid=2048&hei=2867&fit=crop","https://media.mango.com/is/image/punto/37001441-44-900?wid=2048&hei=2867&fit=crop","https://shop.mango.com/in/en/p/men/polos/knitwear/100-cotton-braided-texture-polo-shirt/37001441/44/00","https://media.mango.com/is/image/punto/37001441-44-030?wid=2048&hei=2867&fit=crop","","","","","",""
"","","38","40","42","44","46","48","Relaxed fit linen blend trousers","Current price [Rs. 6,499.00 ]","Rs. 6,499.00","https://shop.mango.com/in/en/p/men/trousers/relaxed/relaxed-fit-linen-blend-trousers/37041336/98/00","https://media.mango.com/is/image/punto/37041336-98-500?wid=2048&hei=2867&fit=crop","https://media.mango.com/is/image/punto/37041336-98-001?wid=2048&hei=2867&fit=crop","https://media.mango.com/is/image/punto/37041336-98-002?wid=2048&hei=2867&fit=crop","https://media.mango.com/is/image/punto/37041336-98-003?wid=2048&hei=2867&fit=crop","https://shop.mango.com/in/en/p/men/trousers/relaxed/relaxed-fit-linen-blend-trousers/37041336/98/00","https://media.mango.com/is/image/punto/37041336-98-008?wid=2048&hei=2867&fit=crop","https://shop.mango.com/in/en/p/men/trousers/relaxed/relaxed-fit-linen-blend-trousers/37041336/98/00","https://media.mango.com/is/image/punto/37041336-98-007?wid=2048&hei=2867&fit=crop","https://shop.mango.com/in/en/p/men/trousers/relaxed/relaxed-fit-linen-blend-trousers/37041336/98/00","https://media.mango.com/is/image/punto/37041336-98-023?wid=2048&hei=2867&fit=crop","https://media.mango.com/is/image/punto/37041336-98-900?wid=2048&hei=2867&fit=crop","https://shop.mango.com/in/en/p/men/trousers/relaxed/relaxed-fit-linen-blend-trousers/37041336/98/00","https://media.mango.com/is/image/punto/37041336-98-030?wid=2048&hei=2867&fit=crop","","","","","",""
"","","S","M","L","XL","XXL","","Regular fit modal jacket with pockets","Current price [Rs. 8,999.00 ]","Rs. 8,999.00","https://shop.mango.com/in/en/p/men/jackets/jackets/regular-fit-modal-jacket-with-pockets/37031334/04/00","https://media.mango.com/is/image/punto/37031334-04-500?wid=2048&hei=2867&fit=crop","https://media.mango.com/is/image/punto/37031334-04-001?wid=2048&hei=2867&fit=crop","https://media.mango.com/is/image/punto/37031334-04-002?wid=2048&hei=2867&fit=crop","https://media.mango.com/is/image/punto/37031334-04-003?wid=2048&hei=2867&fit=crop","https://shop.mango.com/in/en/p/men/jackets/jackets/regular-fit-modal-jacket-with-pockets/37031334/04/00","https://media.mango.com/is/image/punto/37031334-04-004?wid=2048&hei=2867&fit=crop","https://shop.mango.com/in/en/p/men/jackets/jackets/regular-fit-modal-jacket-with-pockets/37031334/04/00","https://media.mango.com/is/image/punto/37031334-04-008?wid=2048&hei=2867&fit=crop","https://shop.mango.com/in/en/p/men/jackets/jackets/regular-fit-modal-jacket-with-pockets/37031334/04/00","https://media.mango.com/is/image/punto/37031334-04-501?wid=2048&hei=2867&fit=crop","https://media.mango.com/is/image/punto/37031334-04-023?wid=2048&hei=2867&fit=crop","https://shop.mango.com/in/en/p/men/jackets/jackets/regular-fit-modal-jacket-with-pockets/37031334/04/00","https://media.mango.com/is/image/punto/37031334-04-900?wid=2048&hei=2867&fit=crop","https://shop.mango.com/in/en/p/men/jackets/jackets/regular-fit-modal-jacket-with-pockets/37031334/04/00","https://media.mango.com/is/image/punto/37031334-04-030?wid=2048&hei=2867&fit=crop","","","",""
"","","XS","S","M","L","XL","XXL","100% linen slim-fit shirt","Current price [Rs. 6,199.00 ]","Rs. 6,199.00","https://shop.mango.com/in/en/p/men/shirts/linen/100-linen-slim-fit-shirt/37071424/01/00","https://media.mango.com/is/image/punto/37071424-01-500?wid=2048&hei=2867&fit=crop","https://media.mango.com/is/image/punto/37071424-01-001?wid=2048&hei=2867&fit=crop","https://media.mango.com/is/image/punto/37071424-01-002?wid=2048&hei=2867&fit=crop","https://media.mango.com/is/image/punto/37071424-01-003?wid=2048&hei=2867&fit=crop","https://shop.mango.com/in/en/p/men/shirts/linen/100-linen-slim-fit-shirt/37071424/01/00","https://media.mango.com/is/image/punto/37071424-01-004?wid=2048&hei=2867&fit=crop","https://shop.mango.com/in/en/p/men/shirts/linen/100-linen-slim-fit-shirt/37071424/01/00","https://media.mango.com/is/image/punto/37071424-01-008?wid=2048&hei=2867&fit=crop","https://shop.mango.com/in/en/p/men/shirts/linen/100-linen-slim-fit-shirt/37071424/01/00","https://media.mango.com/is/image/punto/37071424-01-501?wid=2048&hei=2867&fit=crop","https://media.mango.com/is/image/punto/37071424-01-010?wid=2048&hei=2867&fit=crop","https://shop.mango.com/in/en/p/men/shirts/linen/100-linen-slim-fit-shirt/37071424/01/00","https://media.mango.com/is/image/punto/37071424-01-023?wid=2048&hei=2867&fit=crop","https://shop.mango.com/in/en/p/men/shirts/linen/100-linen-slim-fit-shirt/37071424/01/00","https://media.mango.com/is/image/punto/37071424-01-900?wid=2048&hei=2867&fit=crop","Colours","https://media.mango.com/is/image/punto/37071424-01-020?wid=40","https://media.mango.com/is/image/punto/37071424-50-020?wid=40","https://media.mango.com/is/image/punto/37071424-40-020?wid=40"
"","","S","M","L","XL","XXL","","Ribbed cotton-linen blend T-shirt","Current price [Rs. 3,899.00 ]","Rs. 3,899.00","https://shop.mango.com/in/en/p/men/t-shirts/knitwear/ribbed-cotton-linen-blend-t-shirt/37051437/56/00","https://media.mango.com/is/image/punto/37051437-56-500?wid=2048&hei=2867&fit=crop","https://media.mango.com/is/image/punto/37051437-56-001?wid=2048&hei=2867&fit=crop","https://media.mango.com/is/image/punto/37051437-56-002?wid=2048&hei=2867&fit=crop","https://media.mango.com/is/image/punto/37051437-56-003?wid=2048&hei=2867&fit=crop","https://shop.mango.com/in/en/p/men/t-shirts/knitwear/ribbed-cotton-linen-blend-t-shirt/37051437/56/00","https://media.mango.com/is/image/punto/37051437-56-004?wid=2048&hei=2867&fit=crop","https://shop.mango.com/in/en/p/men/t-shirts/knitwear/ribbed-cotton-linen-blend-t-shirt/37051437/56/00","https://media.mango.com/is/image/punto/37051437-56-008?wid=2048&hei=2867&fit=crop","https://shop.mango.com/in/en/p/men/t-shirts/knitwear/ribbed-cotton-linen-blend-t-shirt/37051437/56/00","https://media.mango.com/is/image/punto/37051437-56-023?wid=2048&hei=2867&fit=crop","https://media.mango.com/is/image/punto/37051437-56-900?wid=2048&hei=2867&fit=crop","https://shop.mango.com/in/en/p/men/t-shirts/knitwear/ribbed-cotton-linen-blend-t-shirt/37051437/56/00","https://media.mango.com/is/image/punto/37051437-56-030?wid=2048&hei=2867&fit=crop","","","Colours","https://media.mango.com/is/image/punto/37051437-56-020?wid=40","https://media.mango.com/is/image/punto/37051437-07-020?wid=40",""
"","","XS","S","M","L","XL","XXL","Printed cotton shirt with a bowling collar","Current price [Rs. 4,499.00 ]","Rs. 4,499.00","https://shop.mango.com/in/en/p/men/shirts/printed/printed-cotton-shirt-with-a-bowling-collar/37041459/40/00","https://media.mango.com/is/image/punto/37041459-40-500?wid=2048&hei=2867&fit=crop","https://media.mango.com/is/image/punto/37041459-40-001?wid=2048&hei=2867&fit=crop","https://media.mango.com/is/image/punto/37041459-40-002?wid=2048&hei=2867&fit=crop","https://media.mango.com/is/image/punto/37041459-40-003?wid=2048&hei=2867&fit=crop","https://shop.mango.com/in/en/p/men/shirts/printed/printed-cotton-shirt-with-a-bowling-collar/37041459/40/00","https://media.mango.com/is/image/punto/37041459-40-004?wid=2048&hei=2867&fit=crop","https://shop.mango.com/in/en/p/men/shirts/printed/printed-cotton-shirt-with-a-bowling-collar/37041459/40/00","https://media.mango.com/is/image/punto/37041459-40-008?wid=2048&hei=2867&fit=crop","https://shop.mango.com/in/en/p/men/shirts/printed/printed-cotton-shirt-with-a-bowling-collar/37041459/40/00","https://media.mango.com/is/image/punto/37041459-40-023?wid=2048&hei=2867&fit=crop","https://media.mango.com/is/image/punto/37041459-40-900?wid=2048&hei=2867&fit=crop","https://shop.mango.com/in/en/p/men/shirts/printed/printed-cotton-shirt-with-a-bowling-collar/37041459/40/00","https://media.mango.com/is/image/punto/37041459-40-030?wid=2048&hei=2867&fit=crop","","","","","",""
"https://shop.mango.com/in/en/p/men/jackets/field-jackets/modal-pocket-jacket/37041330/98/00","https://media.mango.com/is/image/punto/37041330-98-508?wid=2048&hei=1430&fit=crop","S","M","L","XL","XXL","","Modal pocket jacket","Current price [Rs. 10,990.00 ]","Rs. 10,990.00","","","","","","","","","","","","","","","","","","","",""
"","","S","M","L","XL","XXL","","Regular-fit 100% linen overshirt","Current price [Rs. 6,799.00 ]","Rs. 6,799.00","https://shop.mango.com/in/en/p/men/overshirts/regular-fit-100-linen-overshirt/37041347/44/00","https://media.mango.com/is/image/punto/37041347-44-500?wid=2048&hei=2867&fit=crop","https://media.mango.com/is/image/punto/37041347-44-001?wid=2048&hei=2867&fit=crop","https://media.mango.com/is/image/punto/37041347-44-002?wid=2048&hei=2867&fit=crop","https://media.mango.com/is/image/punto/37041347-44-003?wid=2048&hei=2867&fit=crop","https://shop.mango.com/in/en/p/men/overshirts/regular-fit-100-linen-overshirt/37041347/44/00","https://media.mango.com/is/image/punto/37041347-44-004?wid=2048&hei=2867&fit=crop","https://shop.mango.com/in/en/p/men/overshirts/regular-fit-100-linen-overshirt/37041347/44/00","https://media.mango.com/is/image/punto/37041347-44-008?wid=2048&hei=2867&fit=crop","https://shop.mango.com/in/en/p/men/overshirts/regular-fit-100-linen-overshirt/37041347/44/00","https://media.mango.com/is/image/punto/37041347-44-023?wid=2048&hei=2867&fit=crop","https://media.mango.com/is/image/punto/37041347-44-900?wid=2048&hei=2867&fit=crop","https://shop.mango.com/in/en/p/men/overshirts/regular-fit-100-linen-overshirt/37041347/44/00","https://media.mango.com/is/image/punto/37041347-44-030?wid=2048&hei=2867&fit=crop","","","Colours","https://media.mango.com/is/image/punto/37041347-44-020?wid=40","https://media.mango.com/is/image/punto/37041347-98-020?wid=40",""
"","","38","40","42","44","46","","Regular fit trousers in a lyocell-linen blend","Current price [Rs. 7,299.00 ]","Rs. 7,299.00","https://shop.mango.com/in/en/p/men/trousers/linen/regular-fit-trousers-in-a-lyocell-linen-blend/37031338/04/00","https://media.mango.com/is/image/punto/37031338-04-500?wid=2048&hei=2867&fit=crop","https://media.mango.com/is/image/punto/37031338-04-001?wid=2048&hei=2867&fit=crop","https://media.mango.com/is/image/punto/37031338-04-002?wid=2048&hei=2867&fit=crop","https://media.mango.com/is/image/punto/37031338-04-003?wid=2048&hei=2867&fit=crop","https://shop.mango.com/in/en/p/men/trousers/linen/regular-fit-trousers-in-a-lyocell-linen-blend/37031338/04/00","https://media.mango.com/is/image/punto/37031338-04-022?wid=2048&hei=2867&fit=crop","https://shop.mango.com/in/en/p/men/trousers/linen/regular-fit-trousers-in-a-lyocell-linen-blend/37031338/04/00","https://media.mango.com/is/image/punto/37031338-04-004?wid=2048&hei=2867&fit=crop","https://shop.mango.com/in/en/p/men/trousers/linen/regular-fit-trousers-in-a-lyocell-linen-blend/37031338/04/00","https://media.mango.com/is/image/punto/37031338-04-008?wid=2048&hei=2867&fit=crop","https://media.mango.com/is/image/punto/37031338-04-006?wid=2048&hei=2867&fit=crop","https://shop.mango.com/in/en/p/men/trousers/linen/regular-fit-trousers-in-a-lyocell-linen-blend/37031338/04/00","https://media.mango.com/is/image/punto/37031338-04-023?wid=2048&hei=2867&fit=crop","https://shop.mango.com/in/en/p/men/trousers/linen/regular-fit-trousers-in-a-lyocell-linen-blend/37031338/04/00","https://media.mango.com/is/image/punto/37031338-04-900?wid=2048&hei=2867&fit=crop","","","",""
"","","38","40","42","44","46","48","Slim-fit lyocell linen trousers","Current price [Rs. 7,499.00 ]","Rs. 7,499.00","https://shop.mango.com/in/en/p/men/trousers/linen/slim-fit-lyocell-linen-trousers/37081334/35/00","https://media.mango.com/is/image/punto/37081334-35-500?wid=2048&hei=2867&fit=crop","https://media.mango.com/is/image/punto/37081334-35-001?wid=2048&hei=2867&fit=crop","https://media.mango.com/is/image/punto/37081334-35-002?wid=2048&hei=2867&fit=crop","https://media.mango.com/is/image/punto/37081334-35-003?wid=2048&hei=2867&fit=crop","https://shop.mango.com/in/en/p/men/trousers/linen/slim-fit-lyocell-linen-trousers/37081334/35/00","https://media.mango.com/is/image/punto/37081334-35-004?wid=2048&hei=2867&fit=crop","https://shop.mango.com/in/en/p/men/trousers/linen/slim-fit-lyocell-linen-trousers/37081334/35/00","https://media.mango.com/is/image/punto/37081334-35-008?wid=2048&hei=2867&fit=crop","https://shop.mango.com/in/en/p/men/trousers/linen/slim-fit-lyocell-linen-trousers/37081334/35/00","https://media.mango.com/is/image/punto/37081334-35-007?wid=2048&hei=2867&fit=crop","https://media.mango.com/is/image/punto/37081334-35-023?wid=2048&hei=2867&fit=crop","https://shop.mango.com/in/en/p/men/trousers/linen/slim-fit-lyocell-linen-trousers/37081334/35/00","https://media.mango.com/is/image/punto/37081334-35-900?wid=2048&hei=2867&fit=crop","https://shop.mango.com/in/en/p/men/trousers/linen/slim-fit-lyocell-linen-trousers/37081334/35/00","https://media.mango.com/is/image/punto/37081334-35-030?wid=2048&hei=2867&fit=crop","","","",""
"","","46","48","50","52","54","56","Boston regular-fit double-breasted suit jacket","Current price [Rs. 14,999.00 ]","Rs. 14,999.00","https://shop.mango.com/in/en/p/men/blazers/suit/boston-regular-fit-double-breasted-suit-jacket/37051406/35/00","https://media.mango.com/is/image/punto/37051406-35-500?wid=2048&hei=2867&fit=crop","https://media.mango.com/is/image/punto/37051406-35-001?wid=2048&hei=2867&fit=crop","https://media.mango.com/is/image/punto/37051406-35-002?wid=2048&hei=2867&fit=crop","https://media.mango.com/is/image/punto/37051406-35-003?wid=2048&hei=2867&fit=crop","https://shop.mango.com/in/en/p/men/blazers/suit/boston-regular-fit-double-breasted-suit-jacket/37051406/35/00","https://media.mango.com/is/image/punto/37051406-35-004?wid=2048&hei=2867&fit=crop","https://shop.mango.com/in/en/p/men/blazers/suit/boston-regular-fit-double-breasted-suit-jacket/37051406/35/00","https://media.mango.com/is/image/punto/37051406-35-008?wid=2048&hei=2867&fit=crop","https://shop.mango.com/in/en/p/men/blazers/suit/boston-regular-fit-double-breasted-suit-jacket/37051406/35/00","https://media.mango.com/is/image/punto/37051406-35-007?wid=2048&hei=2867&fit=crop","https://media.mango.com/is/image/punto/37051406-35-023?wid=2048&hei=2867&fit=crop","https://shop.mango.com/in/en/p/men/blazers/suit/boston-regular-fit-double-breasted-suit-jacket/37051406/35/00","https://media.mango.com/is/image/punto/37051406-35-900?wid=2048&hei=2867&fit=crop","https://shop.mango.com/in/en/p/men/blazers/suit/boston-regular-fit-double-breasted-suit-jacket/37051406/35/00","https://media.mango.com/is/image/punto/37051406-35-030?wid=2048&hei=2867&fit=crop","Colours","https://media.mango.com/is/image/punto/37051406-35-020?wid=40","https://media.mango.com/is/image/punto/37025156-99-020?wid=40","https://media.mango.com/is/image/punto/37071405-56-020?wid=40"
"","","XS","S","M","L","XL","XXL","Cotton-linen blend camp collar shirt","Current price [Rs. 4,290.00 ]","Rs. 4,290.00","https://shop.mango.com/in/en/p/men/shirts/linen/cotton-linen-blend-camp-collar-shirt/37061432/32/00","https://media.mango.com/is/image/punto/37061432-32-500?wid=2048&hei=2867&fit=crop","https://media.mango.com/is/image/punto/37061432-32-001?wid=2048&hei=2867&fit=crop","https://media.mango.com/is/image/punto/37061432-32-002?wid=2048&hei=2867&fit=crop","https://media.mango.com/is/image/punto/37061432-32-003?wid=2048&hei=2867&fit=crop","https://shop.mango.com/in/en/p/men/shirts/linen/cotton-linen-blend-camp-collar-shirt/37061432/32/00","https://media.mango.com/is/image/punto/37061432-32-004?wid=2048&hei=2867&fit=crop","https://shop.mango.com/in/en/p/men/shirts/linen/cotton-linen-blend-camp-collar-shirt/37061432/32/00","https://media.mango.com/is/image/punto/37061432-32-008?wid=2048&hei=2867&fit=crop","https://shop.mango.com/in/en/p/men/shirts/linen/cotton-linen-blend-camp-collar-shirt/37061432/32/00","https://media.mango.com/is/image/punto/37061432-32-023?wid=2048&hei=2867&fit=crop","https://media.mango.com/is/image/punto/37061432-32-900?wid=2048&hei=2867&fit=crop","https://shop.mango.com/in/en/p/men/shirts/linen/cotton-linen-blend-camp-collar-shirt/37061432/32/00","https://media.mango.com/is/image/punto/37061432-32-030?wid=2048&hei=2867&fit=crop","","","","","",""
"","","38","40","42","44","46","48","Modal cotton cargo bermuda shorts","Current price [Rs. 6,199.00 ]","Rs. 6,199.00","https://shop.mango.com/in/en/p/men/shorts/linen-blend-bermuda-shorts/modal-cotton-cargo-bermuda-shorts/37071333/98/00","https://media.mango.com/is/image/punto/37071333-98-500?wid=2048&hei=2867&fit=crop","https://media.mango.com/is/image/punto/37071333-98-001?wid=2048&hei=2867&fit=crop","https://media.mango.com/is/image/punto/37071333-98-002?wid=2048&hei=2867&fit=crop","https://media.mango.com/is/image/punto/37071333-98-003?wid=2048&hei=2867&fit=crop","https://shop.mango.com/in/en/p/men/shorts/linen-blend-bermuda-shorts/modal-cotton-cargo-bermuda-shorts/37071333/98/00","https://media.mango.com/is/image/punto/37071333-98-004?wid=2048&hei=2867&fit=crop","https://shop.mango.com/in/en/p/men/shorts/linen-blend-bermuda-shorts/modal-cotton-cargo-bermuda-shorts/37071333/98/00","https://media.mango.com/is/image/punto/37071333-98-008?wid=2048&hei=2867&fit=crop","https://shop.mango.com/in/en/p/men/shorts/linen-blend-bermuda-shorts/modal-cotton-cargo-bermuda-shorts/37071333/98/00","https://media.mango.com/is/image/punto/37071333-98-007?wid=2048&hei=2867&fit=crop","https://media.mango.com/is/image/punto/37071333-98-011?wid=2048&hei=2867&fit=crop","https://shop.mango.com/in/en/p/men/shorts/linen-blend-bermuda-shorts/modal-cotton-cargo-bermuda-shorts/37071333/98/00","https://media.mango.com/is/image/punto/37071333-98-023?wid=2048&hei=2867&fit=crop","https://shop.mango.com/in/en/p/men/shorts/linen-blend-bermuda-shorts/modal-cotton-cargo-bermuda-shorts/37071333/98/00","https://media.mango.com/is/image/punto/37071333-98-900?wid=2048&hei=2867&fit=crop","Colours","https://media.mango.com/is/image/punto/37071333-98-020?wid=40","https://media.mango.com/is/image/punto/37071333-56-020?wid=40",""
"","","38","40","42","44","46","48","Linen blend Bermuda shorts with belt","Current price [Rs. 4,999.00 ]","Rs. 4,999.00","https://shop.mango.com/in/en/p/men/shorts/linen-blend-bermuda-shorts/linen-blend-bermuda-shorts-with-belt/37031337/05/00","https://media.mango.com/is/image/punto/37031337-05-500?wid=2048&hei=2867&fit=crop","https://media.mango.com/is/image/punto/37031337-05-001?wid=2048&hei=2867&fit=crop","https://media.mango.com/is/image/punto/37031337-05-002?wid=2048&hei=2867&fit=crop","https://media.mango.com/is/image/punto/37031337-05-003?wid=2048&hei=2867&fit=crop","https://shop.mango.com/in/en/p/men/shorts/linen-blend-bermuda-shorts/linen-blend-bermuda-shorts-with-belt/37031337/05/00","https://media.mango.com/is/image/punto/37031337-05-004?wid=2048&hei=2867&fit=crop","https://shop.mango.com/in/en/p/men/shorts/linen-blend-bermuda-shorts/linen-blend-bermuda-shorts-with-belt/37031337/05/00","https://media.mango.com/is/image/punto/37031337-05-008?wid=2048&hei=2867&fit=crop","https://shop.mango.com/in/en/p/men/shorts/linen-blend-bermuda-shorts/linen-blend-bermuda-shorts-with-belt/37031337/05/00","https://media.mango.com/is/image/punto/37031337-05-007?wid=2048&hei=2867&fit=crop","https://media.mango.com/is/image/punto/37031337-05-023?wid=2048&hei=2867&fit=crop","https://shop.mango.com/in/en/p/men/shorts/linen-blend-bermuda-shorts/linen-blend-bermuda-shorts-with-belt/37031337/05/00","https://media.mango.com/is/image/punto/37031337-05-900?wid=2048&hei=2867&fit=crop","https://shop.mango.com/in/en/p/men/shorts/linen-blend-bermuda-shorts/linen-blend-bermuda-shorts-with-belt/37031337/05/00","https://media.mango.com/is/image/punto/37031337-05-030?wid=2048&hei=2867&fit=crop","","","",""
"","","S","M","L","XL","XXL","","100% cotton knitted polo structure","Current price [Rs. 4,690.00 ]","Rs. 4,690.00","https://shop.mango.com/in/en/p/men/polos/short-sleeve/100-cotton-knitted-polo-structure/37021438/44/00","https://media.mango.com/is/image/punto/37021438-44-500?wid=2048&hei=2867&fit=crop","https://media.mango.com/is/image/punto/37021438-44-001?wid=2048&hei=2867&fit=crop","https://media.mango.com/is/image/punto/37021438-44-002?wid=2048&hei=2867&fit=crop","https://media.mango.com/is/image/punto/37021438-44-003?wid=2048&hei=2867&fit=crop","https://shop.mango.com/in/en/p/men/polos/short-sleeve/100-cotton-knitted-polo-structure/37021438/44/00","https://media.mango.com/is/image/punto/37021438-44-004?wid=2048&hei=2867&fit=crop","https://shop.mango.com/in/en/p/men/polos/short-sleeve/100-cotton-knitted-polo-structure/37021438/44/00","https://media.mango.com/is/image/punto/37021438-44-008?wid=2048&hei=2867&fit=crop","https://shop.mango.com/in/en/p/men/polos/short-sleeve/100-cotton-knitted-polo-structure/37021438/44/00","https://media.mango.com/is/image/punto/37021438-44-011?wid=2048&hei=2867&fit=crop","https://media.mango.com/is/image/punto/37021438-44-023?wid=2048&hei=2867&fit=crop","https://shop.mango.com/in/en/p/men/polos/short-sleeve/100-cotton-knitted-polo-structure/37021438/44/00","https://media.mango.com/is/image/punto/37021438-44-900?wid=2048&hei=2867&fit=crop","https://shop.mango.com/in/en/p/men/polos/short-sleeve/100-cotton-knitted-polo-structure/37021438/44/00","https://media.mango.com/is/image/punto/37021438-44-030?wid=2048&hei=2867&fit=crop","","","",""
"","","38","40","42","44","46","48","Lyocell linen blend suit trousers","Current price [Rs. 7,499.00 ]","Rs. 7,499.00","https://shop.mango.com/in/en/p/men/trousers/linen/lyocell-linen-blend-suit-trousers/37021372/30/00","https://media.mango.com/is/image/punto/37021372-30-500?wid=2048&hei=2867&fit=crop","https://media.mango.com/is/image/punto/37021372-30-001?wid=2048&hei=2867&fit=crop","https://media.mango.com/is/image/punto/37021372-30-002?wid=2048&hei=2867&fit=crop","https://media.mango.com/is/image/punto/37021372-30-003?wid=2048&hei=2867&fit=crop","https://shop.mango.com/in/en/p/men/trousers/linen/lyocell-linen-blend-suit-trousers/37021372/30/00","https://media.mango.com/is/image/punto/37021372-30-004?wid=2048&hei=2867&fit=crop","https://shop.mango.com/in/en/p/men/trousers/linen/lyocell-linen-blend-suit-trousers/37021372/30/00","https://media.mango.com/is/image/punto/37021372-30-008?wid=2048&hei=2867&fit=crop","https://shop.mango.com/in/en/p/men/trousers/linen/lyocell-linen-blend-suit-trousers/37021372/30/00","https://media.mango.com/is/image/punto/37021372-30-007?wid=2048&hei=2867&fit=crop","https://media.mango.com/is/image/punto/37021372-30-010?wid=2048&hei=2867&fit=crop","https://shop.mango.com/in/en/p/men/trousers/linen/lyocell-linen-blend-suit-trousers/37021372/30/00","https://media.mango.com/is/image/punto/37021372-30-011?wid=2048&hei=2867&fit=crop","https://shop.mango.com/in/en/p/men/trousers/linen/lyocell-linen-blend-suit-trousers/37021372/30/00","https://media.mango.com/is/image/punto/37021372-30-023?wid=2048&hei=2867&fit=crop","","","",""
"","","S","M","L","XL","XXL","","100% cotton structured knit shirt","Current price [Rs. 4,490.00 ]","Rs. 4,490.00","https://shop.mango.com/in/en/p/men/polos/knitwear/100-cotton-structured-knit-shirt/37081436/07/00","https://media.mango.com/is/image/punto/37081436-07-500?wid=2048&hei=2867&fit=crop","https://media.mango.com/is/image/punto/37081436-07-001?wid=2048&hei=2867&fit=crop","https://media.mango.com/is/image/punto/37081436-07-002?wid=2048&hei=2867&fit=crop","https://media.mango.com/is/image/punto/37081436-07-003?wid=2048&hei=2867&fit=crop","https://shop.mango.com/in/en/p/men/polos/knitwear/100-cotton-structured-knit-shirt/37081436/07/00","https://media.mango.com/is/image/punto/37081436-07-004?wid=2048&hei=2867&fit=crop","https://shop.mango.com/in/en/p/men/polos/knitwear/100-cotton-structured-knit-shirt/37081436/07/00","https://media.mango.com/is/image/punto/37081436-07-008?wid=2048&hei=2867&fit=crop","https://shop.mango.com/in/en/p/men/polos/knitwear/100-cotton-structured-knit-shirt/37081436/07/00","https://media.mango.com/is/image/punto/37081436-07-011?wid=2048&hei=2867&fit=crop","https://media.mango.com/is/image/punto/37081436-07-023?wid=2048&hei=2867&fit=crop","https://shop.mango.com/in/en/p/men/polos/knitwear/100-cotton-structured-knit-shirt/37081436/07/00","https://media.mango.com/is/image/punto/37081436-07-900?wid=2048&hei=2867&fit=crop","https://shop.mango.com/in/en/p/men/polos/knitwear/100-cotton-structured-knit-shirt/37081436/07/00","https://media.mango.com/is/image/punto/37081436-07-030?wid=2048&hei=2867&fit=crop","","","",""
"","","One size","","","","","","Bowling bag with leather details","Current price [Rs. 9,999.00 ]","Rs. 9,999.00","https://shop.mango.com/in/en/p/men/backpacks-and-bags/backpacks/bowling-bag-with-leather-details/37031357/37/00","https://media.mango.com/is/image/punto/37031357-37-500?wid=2048&hei=2867&fit=crop","https://media.mango.com/is/image/punto/37031357-37-052?wid=2048&hei=2867&fit=crop","https://media.mango.com/is/image/punto/37031357-37-053?wid=2048&hei=2867&fit=crop","https://media.mango.com/is/image/punto/37031357-37-054?wid=2048&hei=2867&fit=crop","https://shop.mango.com/in/en/p/men/backpacks-and-bags/backpacks/bowling-bag-with-leather-details/37031357/37/00","https://media.mango.com/is/image/punto/37031357-37-055?wid=2048&hei=2867&fit=crop","https://shop.mango.com/in/en/p/men/backpacks-and-bags/backpacks/bowling-bag-with-leather-details/37031357/37/00","https://media.mango.com/is/image/punto/37031357-37-900?wid=2048&hei=2867&fit=crop","","","","","","","","","","",""
"","","S","M","L","XL","XXL","","Ribbed cotton-linen blend polo","Current price [Rs. 4,499.00 ]","Rs. 4,499.00","https://shop.mango.com/in/en/p/men/polos/short-sleeve/ribbed-cotton-linen-blend-polo/37041437/56/00","https://media.mango.com/is/image/punto/37041437-56-500?wid=2048&hei=2867&fit=crop","https://media.mango.com/is/image/punto/37041437-56-001?wid=2048&hei=2867&fit=crop","https://media.mango.com/is/image/punto/37041437-56-002?wid=2048&hei=2867&fit=crop","https://media.mango.com/is/image/punto/37041437-56-003?wid=2048&hei=2867&fit=crop","https://shop.mango.com/in/en/p/men/polos/short-sleeve/ribbed-cotton-linen-blend-polo/37041437/56/00","https://media.mango.com/is/image/punto/37041437-56-004?wid=2048&hei=2867&fit=crop","https://shop.mango.com/in/en/p/men/polos/short-sleeve/ribbed-cotton-linen-blend-polo/37041437/56/00","https://media.mango.com/is/image/punto/37041437-56-008?wid=2048&hei=2867&fit=crop","https://shop.mango.com/in/en/p/men/polos/short-sleeve/ribbed-cotton-linen-blend-polo/37041437/56/00","https://media.mango.com/is/image/punto/37041437-56-023?wid=2048&hei=2867&fit=crop","https://media.mango.com/is/image/punto/37041437-56-900?wid=2048&hei=2867&fit=crop","https://shop.mango.com/in/en/p/men/polos/short-sleeve/ribbed-cotton-linen-blend-polo/37041437/56/00","https://media.mango.com/is/image/punto/37041437-56-030?wid=2048&hei=2867&fit=crop","","","Colours","https://media.mango.com/is/image/punto/37041437-56-020?wid=40","https://media.mango.com/is/image/punto/37041437-07-020?wid=40","https://media.mango.com/is/image/punto/37041437-50-020?wid=40"
"https://shop.mango.com/in/en/p/men/shirts/linen/regular-fit-100-linen-shirt/37031400/51/00","https://media.mango.com/is/image/punto/37031400-51-009?wid=2048&hei=1430&fit=crop","XS","S","M","L","XL","XXL","Regular-fit 100% linen shirt","Current price [Rs. 5,999.00 ]","Rs. 5,999.00","","","","","","","","","","","","","","","","","","","",""
"","","XS","S","M","L","XL","XXL","Regular-fit linen cotton shirt","Current price [Rs. 4,999.00 ]","Rs. 4,999.00","https://shop.mango.com/in/en/p/men/shirts/linen/regular-fit-linen-cotton-shirt/37091425/56/00","https://media.mango.com/is/image/punto/37091425-56-010?wid=2048&hei=2867&fit=crop","https://media.mango.com/is/image/punto/37091425-56-001?wid=2048&hei=2867&fit=crop","https://media.mango.com/is/image/punto/37091425-56-002?wid=2048&hei=2867&fit=crop","https://media.mango.com/is/image/punto/37091425-56-003?wid=2048&hei=2867&fit=crop","https://shop.mango.com/in/en/p/men/shirts/linen/regular-fit-linen-cotton-shirt/37091425/56/00","https://media.mango.com/is/image/punto/37091425-56-004?wid=2048&hei=2867&fit=crop","https://shop.mango.com/in/en/p/men/shirts/linen/regular-fit-linen-cotton-shirt/37091425/56/00","https://media.mango.com/is/image/punto/37091425-56-008?wid=2048&hei=2867&fit=crop","https://shop.mango.com/in/en/p/men/shirts/linen/regular-fit-linen-cotton-shirt/37091425/56/00","https://media.mango.com/is/image/punto/37091425-56-023?wid=2048&hei=2867&fit=crop","https://media.mango.com/is/image/punto/37091425-56-900?wid=2048&hei=2867&fit=crop","https://shop.mango.com/in/en/p/men/shirts/linen/regular-fit-linen-cotton-shirt/37091425/56/00","https://media.mango.com/is/image/punto/37091425-56-030?wid=2048&hei=2867&fit=crop","","","Colours","https://media.mango.com/is/image/punto/37091425-56-020?wid=40","https://media.mango.com/is/image/punto/37091425-01-020?wid=40","https://media.mango.com/is/image/punto/37091425-08-020?wid=40"
"","","S","M","L","XL","XXL","","Linen blend striped T-shirt","Current price [Rs. 3,699.00 ]","Rs. 3,699.00","https://shop.mango.com/in/en/p/men/t-shirts/linen/linen-blend-striped-t-shirt/37031419/08/00","https://media.mango.com/is/image/punto/37031419-08-010?wid=2048&hei=2867&fit=crop","https://media.mango.com/is/image/punto/37031419-08-001?wid=2048&hei=2867&fit=crop","https://media.mango.com/is/image/punto/37031419-08-002?wid=2048&hei=2867&fit=crop","https://media.mango.com/is/image/punto/37031419-08-003?wid=2048&hei=2867&fit=crop","https://shop.mango.com/in/en/p/men/t-shirts/linen/linen-blend-striped-t-shirt/37031419/08/00","https://media.mango.com/is/image/punto/37031419-08-004?wid=2048&hei=2867&fit=crop","https://shop.mango.com/in/en/p/men/t-shirts/linen/linen-blend-striped-t-shirt/37031419/08/00","https://media.mango.com/is/image/punto/37031419-08-008?wid=2048&hei=2867&fit=crop","https://shop.mango.com/in/en/p/men/t-shirts/linen/linen-blend-striped-t-shirt/37031419/08/00","https://media.mango.com/is/image/punto/37031419-08-007?wid=2048&hei=2867&fit=crop","https://media.mango.com/is/image/punto/37031419-08-023?wid=2048&hei=2867&fit=crop","https://shop.mango.com/in/en/p/men/t-shirts/linen/linen-blend-striped-t-shirt/37031419/08/00","https://media.mango.com/is/image/punto/37031419-08-900?wid=2048&hei=2867&fit=crop","https://shop.mango.com/in/en/p/men/t-shirts/linen/linen-blend-striped-t-shirt/37031419/08/00","https://media.mango.com/is/image/punto/37031419-08-030?wid=2048&hei=2867&fit=crop","Colours","https://media.mango.com/is/image/punto/37031419-08-020?wid=40","https://media.mango.com/is/image/punto/37031419-56-020?wid=40",""
"https://shop.mango.com/in/en/p/men/t-shirts/basics/linen-blend-slim-fit-t-shirt/37011435/50/00","https://media.mango.com/is/image/punto/37011435-50-009?wid=2048&hei=1430&fit=crop","XS","S","M","L","XL","XXL","Linen blend slim fit T-shirt","Current price [Rs. 3,899.00 ]","Rs. 3,899.00","","","","","","","","","","","","","","","","","","","",""
"https://shop.mango.com/in/en/p/men/shorts/linen-blend-bermuda-shorts/slim-fit-100-linen-bermuda-shorts/37051330/56/00","https://media.mango.com/is/image/punto/37051330-56-009?wid=2048&hei=1430&fit=crop","38","40","42","44","46","48","Slim-fit 100% linen bermuda shorts","Current price [Rs. 4,999.00 ]","Rs. 4,999.00","","","","","","","","","","","","","","","","","","","",""
"","","46","48","50","52","54","56","Slim fit lyocell linen suit jacket","Current price [Rs. 15,999.00 ]","Rs. 15,999.00","https://shop.mango.com/in/en/p/men/blazers/linen/slim-fit-lyocell-linen-suit-jacket/37041370/30/00","https://media.mango.com/is/image/punto/37041370-30-010?wid=2048&hei=2867&fit=crop","https://media.mango.com/is/image/punto/37041370-30-001?wid=2048&hei=2867&fit=crop","https://media.mango.com/is/image/punto/37041370-30-002?wid=2048&hei=2867&fit=crop","https://media.mango.com/is/image/punto/37041370-30-003?wid=2048&hei=2867&fit=crop","https://shop.mango.com/in/en/p/men/blazers/linen/slim-fit-lyocell-linen-suit-jacket/37041370/30/00","https://media.mango.com/is/image/punto/37041370-30-004?wid=2048&hei=2867&fit=crop","https://shop.mango.com/in/en/p/men/blazers/linen/slim-fit-lyocell-linen-suit-jacket/37041370/30/00","https://media.mango.com/is/image/punto/37041370-30-008?wid=2048&hei=2867&fit=crop","https://shop.mango.com/in/en/p/men/blazers/linen/slim-fit-lyocell-linen-suit-jacket/37041370/30/00","https://media.mango.com/is/image/punto/37041370-30-007?wid=2048&hei=2867&fit=crop","https://media.mango.com/is/image/punto/37041370-30-023?wid=2048&hei=2867&fit=crop","https://shop.mango.com/in/en/p/men/blazers/linen/slim-fit-lyocell-linen-suit-jacket/37041370/30/00","https://media.mango.com/is/image/punto/37041370-30-900?wid=2048&hei=2867&fit=crop","https://shop.mango.com/in/en/p/men/blazers/linen/slim-fit-lyocell-linen-suit-jacket/37041370/30/00","https://media.mango.com/is/image/punto/37041370-30-030?wid=2048&hei=2867&fit=crop","","","",""
"","","38","40","42","44","46","48","Slim-fit 100% linen trousers","Current price [Rs. 6,490.00 ]","Rs. 6,490.00","https://shop.mango.com/in/en/p/men/trousers/linen/slim-fit-100-linen-trousers/37071330/91/00","https://media.mango.com/is/image/punto/37071330-91-010?wid=2048&hei=2867&fit=crop","https://media.mango.com/is/image/punto/37071330-91-001?wid=2048&hei=2867&fit=crop","https://media.mango.com/is/image/punto/37071330-91-002?wid=2048&hei=2867&fit=crop","https://media.mango.com/is/image/punto/37071330-91-003?wid=2048&hei=2867&fit=crop","https://shop.mango.com/in/en/p/men/trousers/linen/slim-fit-100-linen-trousers/37071330/91/00","https://media.mango.com/is/image/punto/37071330-91-004?wid=2048&hei=2867&fit=crop","https://shop.mango.com/in/en/p/men/trousers/linen/slim-fit-100-linen-trousers/37071330/91/00","https://media.mango.com/is/image/punto/37071330-91-008?wid=2048&hei=2867&fit=crop","https://shop.mango.com/in/en/p/men/trousers/linen/slim-fit-100-linen-trousers/37071330/91/00","https://media.mango.com/is/image/punto/37071330-91-007?wid=2048&hei=2867&fit=crop","https://media.mango.com/is/image/punto/37071330-91-011?wid=2048&hei=2867&fit=crop","https://shop.mango.com/in/en/p/men/trousers/linen/slim-fit-100-linen-trousers/37071330/91/00","https://media.mango.com/is/image/punto/37071330-91-023?wid=2048&hei=2867&fit=crop","https://shop.mango.com/in/en/p/men/trousers/linen/slim-fit-100-linen-trousers/37071330/91/00","https://media.mango.com/is/image/punto/37071330-91-900?wid=2048&hei=2867&fit=crop","Colours","https://media.mango.com/is/image/punto/37071330-91-020?wid=40","https://media.mango.com/is/image/punto/37071330-44-020?wid=40","https://media.mango.com/is/image/punto/37071330-99-020?wid=40"